Clave,Unidad,Nombre,Cantidad,Costo,Precio,Cantidad Mínima,Precios Adicionales,Información Adicional,Categoría,Costo Promedio,
ABANICO,,ABANICO,0.0,176.0,900.0,0.0,,,,176.0,
ADORNO CELULAR,,ADORNO CELULAR,0.0,0.0,450.0,0.0,,,,0.0,
,,ADORNO COLGANTE HALLOWEEN,0.0,0.0,3000.0,0.0,,,,0.0,
,,ADORNO HALLOWEEN,20.0,0.0,600.0,0.0,,,,0.0,
,,ADORNO NAV 1,0.0,0.0,500.0,0.0,,,,0.0,
,,ADORNO NAV 2,0.0,0.0,550.0,0.0,,,,0.0,
,,ADORNO NAV 3,3.0,0.0,450.0,0.0,,,,0.0,
,,ADORNO NAV 4,2.0,0.0,700.0,0.0,,,,0.0,
,,ADORNO NAV 5,0.0,0.0,800.0,0.0,,,,0.0,
,,ADORNO NAV 6,0.0,0.0,800.0,0.0,,,,0.0,
ADORNO NAV GRANDE,,ADORNO NAV GRANDE,0.0,0.0,500.0,0.0,,,,0.0,
ADORNO NAV PQTE,,ADORNO NAV PQTE,80.0,0.0,800.0,0.0,,,,0.0,
,,ADORNO NAV PUERTA,0.0,0.0,400.0,0.0,,,,0.0,
,,ADORNO NAV PUERTA 1,0.0,0.0,500.0,0.0,,,,0.0,
,,ADORNO PUERTA HALLOWEEN,4.0,0.0,2500.0,0.0,,,,0.0,
,,ADORNO PUERTA HALLOWEEN 2,1.0,0.0,3000.0,0.0,,,,0.0,
ADORNO SOLAR,,ADORNO SOLAR,0.0,430.0,1500.0,0.0,,,,430.0,
,,AJUSTADOR SILICONA,0.0,0.0,2500.0,0.0,,,,0.0,
ALFOMBRA,,ALFOMBRA,0.0,400.0,1500.0,0.0,,,,400.0,
ALICATE,,ALICATE,0.0,190.0,500.0,0.0,,,,190.0,
ANILLO LOVE,,ANILLO LOVE,0.0,69.0,250.0,0.0,,,,69.0,
,,ANILLOS 1,0.0,0.0,1500.0,0.0,,,,0.0,
ANILLOS,,ANILLOS 2,0.0,445.0,2000.0,0.0,,,,445.0,
,,ANILLOS NIÑA,0.0,0.0,300.0,0.0,,,,0.0,
PLICADORES OÍDOS,,APLICADORES OÍDOS 1,0.0,93.0,550.0,0.0,,,,88.35,
,,APLICADORES OÍDOS 2,3.0,0.0,2000.0,0.0,,,,0.0,
ARBOLITO INFLABLE,,ARBOLITO INFLABLE,0.0,850.0,3000.0,0.0,,,,850.0,
ARETES ACERO,,ARETES ACERO,26.0,0.0,1400.0,0.0,,,,0.0,
PAR ARETES,,ARETES ACERO 2,0.0,93.0,2200.0,0.0,,,,93.0,
,,ARETES DIAMANTES,0.0,0.0,400.0,0.0,,,,0.0,
,,ARETES PERLA,18.0,0.0,300.0,0.0,,,,0.0,
ARGOLLAS MED,,ARGOLLAS ACERO,3.0,0.0,2000.0,0.0,,,,0.0,
ARGOLLAS CHICAS,,ARGOLLAS CHICAS,0.0,0.0,1500.0,0.0,,,,0.0,
ARGOLLAS GRANDES,,ARGOLLAS GRANDES 2,0.0,0.0,2000.0,0.0,,,,0.0,
AUDÍFONOS 1,,AUDÍFONOS 1,0.0,200.0,1500.0,1.0,,,,200.0,
,,BABY YODA PELUCHE CHICO,0.0,0.0,7500.0,0.0,,,,0.0,
,,BABY YODA PELUCHE GRANDE,0.0,0.0,10000.0,0.0,,,,0.0,
BASE 1,,BASE 1,0.0,230.0,2200.0,1.0,,,,230.0,
BASE 2,,BASE 2,16.0,130.0,750.0,0.0,,,,130.0,
,,BASE CON PROTECTOR,0.0,0.0,950.0,0.0,,,,0.0,
BEBÉ YODA,,BEBÉ YODA,0.0,10500.0,32700.0,0.0,,,,10500.0,
BILLETERA,,BILLETERA,0.0,778.0,2500.0,0.0,,,,778.0,
,,BLOQUE UÑAS,5.0,0.0,500.0,0.0,,,,0.0,
BLUMER M,,BLUMER M,0.0,370.0,1500.0,0.0,,,,370.0,
,,BLUSAS 1,7.0,0.0,3500.0,0.0,,,,0.0,
,,BLUSAS 2,0.0,0.0,4500.0,0.0,,,,0.0,
,,BLUSAS ENCAJE,6.0,0.0,3500.0,0.0,,,,0.0,
BOCINA,,BOCINA,0.0,1334.0,5000.0,0.0,,,,1334.0,
BODY TRANSPARENTE,,BODY TRANSPARENTE,0.0,514.0,2500.0,2.0,,,,514.0,
,,BOLA POKEMON,0.0,0.0,1200.0,0.0,,,,0.0,
,,BOLSA M CHICA,0.0,0.0,4500.0,0.0,,,,0.0,
,,BOLSA M MEDIANA,0.0,0.0,3850.0,0.0,,,,0.0,
,,BOLSA NAV GRANDE,0.0,0.0,600.0,0.0,,,,0.0,
,,BOLSA REG MED,0.0,0.0,250.0,0.0,,,,0.0,
BOLSA REGALO CHICA,,BOLSA REGALO CHICA,113.0,12.0,150.0,0.0,,,,12.0,
BOLSA REGALO GRANDE,,BOLSA REGALO GRANDE,0.0,238.0,1000.0,0.0,,,,238.0,
,,BOLSA REGALO HALLOWEEN,0.0,0.0,350.0,0.0,,,,0.0,
,,BOLSA REGALO NAV,0.0,0.0,200.0,0.0,,,,0.0,
BOLSITO UNISEX,,BOLSITO UNISEX,0.0,3518.0,12000.0,0.0,,,,3518.0,
BOLSO H MANO,,BOLSO H MANO,0.0,1445.0,6500.0,0.0,,,,1445.0,
,,BOLSO H MANO 2,0.0,0.0,7500.0,0.0,,,,0.0,
,,BOLSO H PIERNA,0.0,0.0,5500.0,0.0,,,,0.0,
,,BOLSO HOMBRE,0.0,0.0,5500.0,0.0,,,,0.0,
,,BOLSO MUJER,0.0,0.0,6800.0,0.0,,,,0.0,
BOLSO NIÑO MANO,,BOLSO NIÑO MANO,0.0,780.0,3000.0,0.0,,,,780.0,
BOLSOS 1,,BOLSOS 1,0.0,1400.0,2200.0,1.0,,,,1400.0,
BOLSOS 2,,BOLSOS 2,0.0,800.0,3200.0,1.0,,,,800.0,
BOLSOS VOGUE,,BOLSOS VOGUE,0.0,850.0,2500.0,0.0,,,,850.0,
,,BOTA NAV CHICA,1.0,0.0,800.0,0.0,,,,0.0,
,,BOTA NAV GRANDE,0.0,0.0,2100.0,0.0,,,,0.0,
,,BOTA NAV MEDIANA,0.0,0.0,1750.0,0.0,,,,0.0,
BRILLO LISO 1,,BRILLO LISO 1,12.0,213.0,950.0,1.0,,,,213.0,
BRILLO LISO 5,,BRILLO LISO 2,8.0,148.0,700.0,0.0,,,,148.0,
,,BRILLO LISO 3,12.0,0.0,1100.0,0.0,,,,0.0,
BRILLO LISO 4,,BRILLO LISO 4,41.0,167.0,850.0,0.0,,,,167.0,
,,BRILLO LISO 5,0.0,0.0,1200.0,0.0,,,,0.0,
,,BRILLO LISO 6,0.0,0.0,1300.0,0.0,,,,0.0,
,,BRILLO LISO 7,3.0,0.0,1400.0,0.0,,,,0.0,
,,BRILLO LISO 8,28.0,0.0,1800.0,0.0,,,,0.0,
,,BRILLO LISO DIOR,0.0,0.0,950.0,0.0,,,,0.0,
BROCHA BASE,,BROCHA BASE,0.0,130.0,950.0,0.0,,,,130.0,
,,BROCHAS 1,0.0,0.0,250.0,0.0,,,,0.0,
,,BROCHAS 2,0.0,0.0,500.0,0.0,,,,0.0,
,,BROCHAS 3,0.0,0.0,750.0,0.0,,,,0.0,
,,BROCHAS 4D,5.0,0.0,600.0,0.0,,,,0.0,
BUFANDA ADULTO,,BUFANDA ADULTO,0.0,215.0,950.0,1.0,,,,215.0,
,,BÁLSAMO 1,0.0,0.0,500.0,0.0,,,,0.0,
,,BÁLSAMO 2,0.0,0.0,550.0,0.0,,,,0.0,
BÁLSAMO,,BÁLSAMO 3,36.0,120.0,600.0,0.0,,,,120.0,
BÁLSAMO 2,,BÁLSAMO 4,12.0,195.0,700.0,0.0,,,,195.0,
,,BÁLSAMO 5,0.0,0.0,850.0,0.0,,,,0.0,
,,BÁLSAMO 6,18.0,0.0,1100.0,0.0,,,,0.0,
,,BÁLSAMO 7,23.0,0.0,800.0,0.0,,,,0.0,
,,BÁLSAMO 8,6.0,0.0,1050.0,0.0,,,,0.0,
,,BÁLSAMO DIOR 1,18.0,0.0,1200.0,0.0,,,,0.0,
,,BÁLSAMO DIOR 2,12.0,0.0,1800.0,0.0,,,,0.0,
CADENA 1,,CADENA 1,0.0,521.0,1500.0,0.0,,,,521.0,
CADENA 2,,CADENA ACERO,0.0,1303.0,2000.0,0.0,,,,1303.0,
,,CADENA MUJER,0.0,0.0,2500.0,0.0,,,,0.0,
,,CAJA PLUMONES,0.0,0.0,18250.0,0.0,,,,0.0,
CALZONCILLO H,,CALZONCILLO H,0.0,208.0,750.0,0.0,,,,208.0,
CAMA PERRO CHICA,,CAMA PERRO CHICA,0.0,1800.0,4600.0,0.0,,,,1800.0,
CAMA PERRO MED,,CAMA PERRO MED,0.0,2100.0,4800.0,0.0,,,,2100.0,
,,CARABELA MINI,30.0,0.0,500.0,0.0,,,,0.0,
CARRITOS,,CARRITOS,0.0,0.0,500.0,0.0,,,,0.0,
CARTAS,,CARTAS,0.0,240.0,850.0,1.0,,,,240.0,
CARTERA DE NIÑA,,CARTERA DE NIÑA,0.0,1800.0,3600.0,0.0,,,,1800.0,
CARTERA H 1,,CARTERA H 1,0.0,2866.0,10500.0,0.0,,,,2866.0,
CARTERA H CHICA,,CARTERA H CHICA 1,0.0,1112.0,3500.0,0.0,,,,1134.88,
,,CARTERA H CHICA 2,0.0,0.0,5850.0,0.0,,,,0.0,
CARTERA H DANIEL,,CARTERA H DANIEL,0.0,1100.0,3500.0,1.0,,,,1100.0,
CARTERA H GRANDE,,CARTERA H GRANDE,0.0,1778.0,7000.0,0.0,,,,1778.0,
CARTERA H MED,,CARTERA H MED,0.0,1334.0,6000.0,0.0,,,,1334.0,
CARTERA H NUEVA,,CARTERA H NUEVA,6.0,2223.0,10800.0,0.0,,,,2221.43,
CARTERA H NUEVA CHICA,,CARTERA H NUEVA CHICA,0.0,2223.0,9500.0,0.0,,,,2223.0,
,,CARTERA H NUEVA CHICA 2,12.0,0.0,13500.0,0.0,,,,0.0,
CARTERA H NUEVA GRANDE,,CARTERA H NUEVA GRANDE,0.0,5556.0,18000.0,0.0,,,,5556.0,
CARTERA H NUEVA MED,,CARTERA H NUEVA MED,0.0,3334.0,14000.0,0.0,,,,3334.0,
,,CARTERA H NUEVA MEDIANA 2,6.0,0.0,18500.0,0.0,,,,0.0,
CARTERA H 2,,CARTERA HOMBRE 2,0.0,4821.0,17000.0,0.0,,,,4821.0,
CARTERA M GRANDE 1,,CARTERA M GRANDE 1,1.0,2223.0,10500.0,0.0,,,,2223.0,
CARTERA MUJER,,CARTERA MUJER,0.0,2223.0,9500.0,0.0,,,,2223.0,
,,CARTERA MUJER 2,0.0,0.0,7500.0,0.0,,,,0.0,
,,CARTERA MUJER ELEGANTE,0.0,0.0,14500.0,0.0,,,,0.0,
,,CARTERA MUJER GRANDE 2,0.0,0.0,8000.0,0.0,,,,0.0,
,,CARTERA MUJER GRANDE 3,1.0,0.0,13500.0,0.0,,,,0.0,
CARTERA SALIR GRANDE 2,,CARTERA SALIR GRANDE 2,0.0,4667.0,16500.0,0.0,,,,4667.0,
CARTERITA AGUACATE,,CARTERITA AGUACATE,0.0,350.0,1200.0,0.0,,,,350.0,
CARTERITA CELULAR 1,,CARTERITA CELULAR 1,0.0,1100.0,3000.0,1.0,,,,1100.0,
CARTERITA CELULAR 2,,CARTERITA CELULAR 2,0.0,610.0,2500.0,0.0,,,,610.0,
,,CARTERITA MUJER,0.0,0.0,5000.0,0.0,,,,0.0,
CARTERITA PELUSA,,CARTERITA PELUSA,0.0,94.0,350.0,0.0,,,,94.0,
CARTERITA POPIT,,CARTERITA POPIT 1,0.0,704.0,2500.0,1.0,,,,704.0,
,,CARTERITA POPIT 2,1.0,0.0,4500.0,0.0,,,,0.0,
,,CARTERITA POPIT 3,0.0,0.0,5000.0,0.0,,,,0.0,
,,CARTERITA UNICORNIO,0.0,0.0,3800.0,0.0,,,,0.0,
,,CARTERITAS LAZO,0.0,0.0,3500.0,0.0,,,,0.0,
CARTUCHERA,,CARTUCHERA,0.0,148.0,850.0,0.0,,,,148.0,
CARTUCHERA 3D,,CARTUCHERA 3D,0.0,556.0,2500.0,0.0,,,,556.0,
CEPILLO LAVAR,,CEPILLO LAVAR,0.0,170.0,600.0,0.0,,,,170.0,
CESTOS,,CESTOS,0.0,302.0,1200.0,0.0,,,,302.0,
CHANCLETA DE NIÑO,,CHANCLETA DE NIÑO,0.0,872.0,3000.0,0.0,,,,872.0,
,,CINTA ADVERTENCIA,1.0,0.0,2300.0,0.0,,,,0.0,
,,CINTA CABEZA,0.0,0.0,1200.0,0.0,,,,0.0,
CINTA PELO CHICA,,CINTA PELO CHICA,0.0,74.0,400.0,0.0,,,,74.0,
CINTA PELO GRANDE,,CINTA PELO GRANDE,0.0,93.0,1600.0,0.0,,,,93.0,
,,CINTA PELO MEDIANA,0.0,0.0,550.0,0.0,,,,0.0,
CINTILLO 2,,CINTILLO 2,0.0,290.0,950.0,3.0,,,,290.0,
,,CINTILLO 4,0.0,0.0,1200.0,0.0,,,,0.0,
,,CINTILLO 6,0.0,0.0,2000.0,0.0,,,,0.0,
,,CINTILLO 7,18.0,0.0,600.0,0.0,,,,0.0,
CINTILLO HOLLOWEEN,,CINTILLO HOLLOWEEN,0.0,93.0,550.0,0.0,,,,93.0,
,,CINTILLO MAQ 2,0.0,0.0,1500.0,0.0,,,,0.0,
,,CINTILLO NAV,0.0,0.0,1000.0,0.0,,,,0.0,
,,CINTILLOS 1,0.0,0.0,750.0,0.0,,,,0.0,
,,CINTILLOS 3,0.0,0.0,1000.0,0.0,,,,0.0,
,,CINTILLOS 5,9.0,0.0,1500.0,0.0,,,,0.0,
,,CINTO MUJER,0.0,0.0,2000.0,0.0,,,,0.0,
COLADERA CHICA,,COLADERA CHICA,0.0,300.0,500.0,1.0,,,,300.0,
COLADERA GRANDE,,COLADERA GRANDE,0.0,300.0,1800.0,1.0,,,,300.0,
COLADERA MED,,COLADERA MED,0.0,300.0,950.0,0.0,,,,300.0,
COLGANTE CELULAR,,COLGANTE CELULAR,0.0,608.0,1000.0,0.0,,,,608.0,
,,COLLAR MASCOTA,0.0,0.0,1100.0,0.0,,,,0.0,
COLLAR PERRO,,COLLAR PERRO,0.0,238.0,950.0,0.0,,,,238.0,
COLLAR PERRO CHICO,,COLLAR PERRO CHICO,0.0,400.0,1150.0,0.0,,,,400.0,
COLLAR PERRO GRANDE,,COLLAR PERRO GRANDE,0.0,600.0,1500.0,0.0,,,,600.0,
COMEDERO PERRO,,COMEDERO PERRO,0.0,300.0,700.0,0.0,,,,300.0,
COMPACTO,,COMPACTO,0.0,866.0,1500.0,0.0,,,,866.0,
CONDONES,,CONDONES,0.0,15.0,50.0,0.0,,,,15.0,
COQUITO,,COQUITO 1,0.0,260.0,900.0,0.0,,,,260.0,
,,COQUITOS 2,0.0,0.0,1200.0,0.0,,,,0.0,
CORRECTOR OJERA CHICO,,CORRECTOR OJERA CHICO,0.0,93.0,850.0,0.0,,,,93.0,
,,CORRECTOR OJERA GRANDE,40.0,0.0,1300.0,0.0,,,,0.0,
,,CORRECTOR OJERA MED,0.0,0.0,650.0,0.0,,,,0.0,
,,CORTAUÑAS,0.0,0.0,400.0,0.0,,,,0.0,
,,COSMETIQUERA CHICA,0.0,0.0,1100.0,0.0,,,,0.0,
,,COSMETIQUERA GRANDE,0.0,0.0,2500.0,0.0,,,,0.0,
,,COSMETIQUERA MEDIANA,0.0,0.0,2200.0,0.0,,,,0.0,
CREMA FACIAL,,CREMA FACIAL,0.0,645.0,2500.0,0.0,,,,645.0,
CREMA FACIAL ACLARANTE,,CREMA FACIAL ACLARANTE,0.0,556.0,2500.0,0.0,,,,556.0,
,,CREMA FACIAL CHICA,0.0,0.0,2000.0,0.0,,,,0.0,
,,CREMA PIES,0.0,0.0,1500.0,0.0,,,,0.0,
,,CREYON,0.0,0.0,950.0,0.0,,,,0.0,
CREYON,,CREYON 1,0.0,181.0,650.0,0.0,,,,181.0,
,,CREYON 2,0.0,0.0,700.0,0.0,,,,0.0,
,,CREYON 3,0.0,0.0,850.0,0.0,,,,0.0,
,,CREYON DIOR,6.0,0.0,1200.0,0.0,,,,0.0,
CREYON HOLLOWEEN,,CREYON HOLLOWEEN,12.0,139.0,550.0,0.0,,,,139.0,
CREYON PERM 1,,CREYON PERM 1,12.0,181.0,700.0,0.0,,,,181.0,
CREYON PERM 2,,CREYON PERM 2,0.0,181.0,800.0,0.0,,,,181.0,
CREYON PERM DOBLE,,CREYON PERM DOBLE,0.0,195.0,950.0,0.0,,,,195.0,
,,CREYON PERMANENTE 3,12.0,0.0,1200.0,0.0,,,,0.0,
,,CREYON PERMANENTE DIOR 1,6.0,0.0,1200.0,0.0,,,,0.0,
,,CREYON PERMANENTE DIOR 2,12.0,0.0,1500.0,0.0,,,,0.0,
,,CREYON PERMANT 3,0.0,0.0,900.0,0.0,,,,0.0,
,,CUADRITO DIAMANTE,0.0,0.0,1500.0,0.0,,,,0.0,
,,CUBITOS,24.0,0.0,800.0,0.0,,,,0.0,
CUBO RUBI,,CUBO RUBI,56.0,556.0,3500.0,0.0,,,,556.0,
CUCHILLO,,CUCHILLO,0.0,145.0,500.0,0.0,,,,145.0,
CÁPSULA FACIAL,,CÁPSULA FACIAL,4.0,445.0,2300.0,0.0,,,,445.0,
,,CÁPSULAS PELO,0.0,0.0,3200.0,0.0,,,,0.0,
DELINEADOR 2,,DELINEADOR 2,6.0,70.0,650.0,0.0,,,,70.0,
,,DELINEADOR LABIOS,0.0,0.0,400.0,0.0,,,,0.0,
DELINEADOR PLUMÓN,,DELINEADOR PLUMÓN,0.0,232.0,850.0,1.0,,,,232.0,
DELINEADOR PLUMÓN REBAJA,,DELINEADOR PLUMÓN REBAJA,0.0,148.0,200.0,2.0,,,,145.78,
,,DIJE MOVIL,0.0,0.0,600.0,0.0,,,,0.0,
,,DUENDE NAV,0.0,0.0,6300.0,0.0,,,,0.0,
,,ENCENDEDORES,0.0,0.0,550.0,0.0,,,,0.0,
ENGUATADA H,,ENGUATADA H,0.0,0.0,2500.0,0.0,,,,0.0,
ESCLAVA,,ESCLAVA,0.0,535.0,2000.0,0.0,,,,535.0,
ESCOBAS,,ESCOBAS,0.0,349.0,1100.0,0.0,,,,349.0,
,,ESPEJO CEJAS,0.0,0.0,650.0,0.0,,,,0.0,
,,ESPEJUELOS TRANSPARENTES,0.0,0.0,2500.0,0.0,,,,0.0,
ESPONJA ALUMINIO,,ESPONJA ALUMINIO,0.0,62.5,250.0,0.0,,,,62.5,
ESPONJA BAÑO,,ESPONJA BAÑO,0.0,144.0,500.0,0.0,,,,144.0,
ESPONJA FREGAR,,ESPONJA FREGAR,0.0,70.0,150.0,0.0,,,,70.0,
ESPONJA MAQUILLAJE,,ESPONJA MAQUILLAJE,0.0,22.0,300.0,1.0,,,,22.0,
ESPONJITA,,ESPONJITA,0.0,100.0,350.0,0.0,,,,100.0,
,,ESQUELETOS,1.0,0.0,3500.0,0.0,,,,0.0,
,,ESTUCHE ESPEJUELOS,0.0,0.0,1500.0,0.0,,,,0.0,
ESTUCHE MAQ GRANDE,,ESTUCHE MAQ GRANDE,0.0,667.0,2500.0,0.0,,,,667.0,
EXFOLIANTE,,EXFOLIANTE,0.0,415.0,1500.0,0.0,,,,415.0,
,,FAROLES,2.0,0.0,2300.0,0.0,,,,0.0,
,,FELPA DETALLE,10.0,0.0,750.0,0.0,,,,0.0,
,,FELPA FLOR 1,14.0,0.0,950.0,0.0,,,,0.0,
,,FELPA FLOR 2,0.0,0.0,750.0,0.0,,,,0.0,
FELPA LAZO,,FELPA LAZO 1,0.0,173.0,750.0,0.0,,,,173.0,
,,FELPA LAZO 2,0.0,0.0,850.0,0.0,,,,0.0,
FELPA LAZO 2,,FELPA LAZO 3,0.0,238.0,900.0,0.0,,,,238.0,
,,FELPA LAZO 4,0.0,0.0,1500.0,0.0,,,,0.0,
,,FELPA MUÑE,0.0,0.0,650.0,0.0,,,,0.0,
,,FELPA OSITO,0.0,0.0,400.0,0.0,,,,0.0,
FELPA PAR,,FELPA PAR,0.0,100.0,350.0,0.0,,,,100.0,
,,FELPA PERLA,0.0,0.0,550.0,0.0,,,,0.0,
,,FELPA SCRUNCH 1,0.0,0.0,350.0,0.0,,,,0.0,
,,FELPA SCRUNCH 2,0.0,0.0,450.0,0.0,,,,0.0,
,,FELPA SCRUNCH 3,0.0,0.0,500.0,0.0,,,,0.0,
,,FELPA SCRUNCH 4,0.0,0.0,650.0,0.0,,,,0.0,
FELPA TRÍO,,FELPA TRÍO,0.0,116.0,450.0,0.0,,,,116.0,
FELPAS CHICAS,,FELPAS CHICAS,0.0,55.0,400.0,0.0,,,,55.0,
FELPAS CHICAS PAR,,FELPAS CHICAS PAR,0.0,152.0,700.0,0.0,,,,152.0,
,,FELPAS DETALLE,0.0,0.0,600.0,0.0,,,,0.0,
FELPAS DONA,,FELPAS DONA,0.0,110.0,400.0,0.0,,,,110.0,
,,FELPAS DORADAS,0.0,0.0,550.0,0.0,,,,0.0,
,,FELPAS PLATEADAS,0.0,0.0,550.0,0.0,,,,0.0,
,,FIGURA HARRY POTTER,0.0,0.0,5300.0,0.0,,,,0.0,
,,FIGURA KITTY,1.0,0.0,2500.0,0.0,,,,0.0,
FIGURA MANGA CHICA,,FIGURA MANGA CHICA,16.0,684.0,3500.0,0.0,,,,684.0,
FIGURA MANGA 2,,FIGURA MANGA GRANDE,1.0,580.0,4500.0,0.0,,,,580.0,
FIGURA MARIO CHICA,,FIGURA MARIO CHICA,0.0,950.0,3500.0,0.0,,,,950.0,
FIGURA MARIO GRANDE,,FIGURA MARIO GRANDE,0.0,1042.0,5300.0,0.0,,,,1042.0,
,,FIGURA MARVEL MED,0.0,0.0,4500.0,0.0,,,,0.0,
FIGURA NARUTO CHICO,,FIGURA NARUTO CHICO,0.0,497.0,2350.0,0.0,,,,497.0,
,,FIGURA NAV,0.0,0.0,950.0,0.0,,,,0.0,
,,FIGURA REBAJA,0.0,0.0,1500.0,0.0,,,,0.0,
,,FIGURAS EMOCIONES,0.0,0.0,2500.0,0.0,,,,0.0,
FINISH,,FINISH,6.0,362.0,1500.0,0.0,,,,362.0,
,,FORRO ASIENTO MOTO,1.0,0.0,4500.0,0.0,,,,0.0,
FUNKO CHICO,,FUNKO CHICO,0.0,340.0,1500.0,0.0,,,,340.0,
,,FUNKOS GRANDES,0.0,0.0,2000.0,0.0,,,,0.0,
GAFAS ADULTO,,GAFAS ADULTO,0.0,489.0,2500.0,0.0,,,,489.0,
,,GAFAS FASHION,0.0,0.0,3800.0,0.0,,,,0.0,
,,GAFAS HALLOWEEN,5.0,0.0,500.0,0.0,,,,0.0,
GAFAS NIÑO,,GAFAS NIÑO,0.0,296.0,1500.0,1.0,,,,296.0,
,,GANCHO COCINA,0.0,0.0,850.0,0.0,,,,0.0,
GANCHO PELO 1,,GANCHO PELO 1,11.0,65.0,450.0,0.0,,,,65.0,
,,GANCHO PELO 2,0.0,0.0,600.0,0.0,,,,0.0,
GEL FACIAL,,GEL FACIAL,0.0,240.0,850.0,0.0,,,,240.0,
GIRASOLES,,GIRASOLES,0.0,1000.0,2000.0,0.0,,,,1000.0,
GLOBO 1,,GLOBO 1,0.0,38.0,200.0,0.0,,,,38.0,
GLOBO DE NÚMERO,,GLOBO DE NÚMERO,0.0,200.0,450.0,0.0,,,,200.0,
GLOBO DETALLE,,GLOBO DETALLE,0.0,105.0,600.0,0.0,,,,105.0,
GLOBO INFLABLE,,GLOBO INFLABLE,0.0,515.0,1800.0,0.0,,,,515.0,
GLOBO MINI,,GLOBO MINI,0.0,50.0,300.0,0.0,,,,50.0,
,,GLOBO NAV,0.0,0.0,350.0,0.0,,,,0.0,
GOKU 3,,GOKU 3,0.0,1140.0,4000.0,0.0,,,,1140.0,
GOKU 1,,GOKU CHICO,0.0,710.0,2500.0,0.0,,,,710.0,
GOKU 2,,GOKU MED,0.0,900.0,3500.0,0.0,,,,900.0,
,,GOMA LOCA,0.0,0.0,150.0,0.0,,,,0.0,
,,GOMA LOCA 2,42.0,0.0,200.0,0.0,,,,0.0,
GOMA PESTAÑA,,GOMA PESTAÑA,36.0,148.0,600.0,1.0,,,,148.0,
GORRA DE H,,GORRA DE H,17.0,889.0,4000.0,1.0,,,,889.0,
GORRA DE NIÑO,,GORRA DE NIÑO,0.0,778.0,2800.0,1.0,,,,778.0,
,,GORRAS H 2,0.0,0.0,3500.0,0.0,,,,0.0,
,,GORRO ZATIN,0.0,0.0,1700.0,0.0,,,,0.0,
GRADUADOS,,GRADUADOS,131.0,623.0,3000.0,0.0,,,,623.0,
GRU,,GRU,0.0,10500.0,34000.0,0.0,,,,10500.0,
,,GUANTE NIÑO,0.0,0.0,1150.0,0.0,,,,0.0,
,,GUANTES ADULTO,0.0,0.0,1400.0,0.0,,,,0.0,
,,GUANTES CHICOS,0.0,0.0,1150.0,0.0,,,,0.0,
GUANTES DE H,,GUANTES DE H,0.0,1600.0,4000.0,1.0,,,,1600.0,
GUANTES DE NAV 1,,GUANTES DE NAV 1,0.0,170.0,650.0,0.0,,,,170.0,
GUANTES DE NAV 2,,GUANTES DE NAV 2,0.0,260.0,950.0,0.0,,,,260.0,
GUANTES NAV ADULTO,,GUANTES NAV ADULTO,0.0,340.0,1200.0,0.0,,,,340.0,
GUIRNALDAS,,GUIRNALDAS,0.0,170.0,600.0,0.0,,,,170.0,
,,HEBILLA COLA SIRENA,0.0,0.0,750.0,0.0,,,,0.0,
,,HEBILLA DETALLE,0.0,0.0,650.0,0.0,,,,0.0,
,,HEBILLA FLOR 2,0.0,0.0,750.0,0.0,,,,0.0,
,,HEBILLA LAZO 1,0.0,0.0,750.0,0.0,,,,0.0,
,,HEBILLA LAZO 2,0.0,0.0,800.0,0.0,,,,0.0,
HEBILLA 1,,HEBILLA PAR,0.0,148.0,550.0,0.0,,,,148.0,
,,HEBILLA PAR FLOR,0.0,0.0,600.0,0.0,,,,0.0,
,,HEBILLAS FLOR,0.0,0.0,400.0,0.0,,,,0.0,
,,HEBILLAS MARIPOSA,12.0,0.0,850.0,0.0,,,,0.0,
,,HEBILLAS MUÑE,0.0,0.0,850.0,0.0,,,,0.0,
,,HEBILLAS NIÑA,0.0,0.0,350.0,0.0,,,,0.0,
,,HEBILLAS TIC TAC,0.0,0.0,400.0,0.0,,,,0.0,
HILOS ROJO,,HILOS ROJO,0.0,130.0,600.0,0.0,,,,130.0,
HINCHA LABIO,,HINCHA LABIO 1,6.0,148.0,650.0,0.0,,,,148.0,
,,HINCHA LABIOS 2,0.0,0.0,700.0,0.0,,,,0.0,
,,HINCHALABIOS 3,44.0,0.0,1200.0,0.0,,,,0.0,
HUESO PERRO,,HUESO PERRO,0.0,208.0,600.0,0.0,,,,208.0,
INCIENSO 1,,INCIENSO 1,0.0,65.0,350.0,0.0,,,,65.0,
INCIENSOS GRANDES,,INCIENSOS GRANDES,37.0,140.0,650.0,0.0,,,,140.0,
JABONERA,,JABONERA,0.0,200.0,500.0,0.0,,,,200.0,
JOYERO,,JOYERO,0.0,400.0,1000.0,0.0,,,,400.0,
,,JUEGO ARETE ANILLO,0.0,0.0,3000.0,0.0,,,,0.0,
,,JUEGO ARETE CADENA,0.0,0.0,4500.0,0.0,,,,0.0,
JUEGO BIBERÓN,,JUEGO BIBERÓN,0.0,800.0,1600.0,0.0,,,,800.0,
JUEGO BROCHA CHICO,,JUEGO BROCHA CHICO,8.0,223.0,1100.0,0.0,,,,223.0,
JUEGO BROCHA PEINE,,JUEGO BROCHA Y PEINE,0.0,84.0,650.0,0.0,,,,84.0,
,,JUEGO COSMETIQUERA,0.0,0.0,5500.0,0.0,,,,0.0,
JUEGO DE DORMIR,,JUEGO DE DORMIR,0.0,700.0,3500.0,1.0,,,,700.0,
JUEGO DE FELPA GRANDE,,JUEGO DE FELPA GRANDE,59.0,89.0,350.0,0.0,,,,89.0,
,,JUEGO ESTRELLAS,0.0,0.0,2800.0,0.0,,,,0.0,
JUEGO FELPAS CHICAS,,JUEGO FELPAS CHICAS,0.0,40.0,200.0,0.0,,,,40.0,
,,JUEGO GOLOBO NAV,0.0,0.0,1550.0,0.0,,,,0.0,
,,JUEGO LIGA CABLE,0.0,0.0,600.0,0.0,,,,0.0,
JUEGO TOTORO,,JUEGO TOTORO,0.0,1112.0,4000.0,0.0,,,,1112.0,
JUGUETE PONY,,JUGUETE PONY,0.0,1700.0,6000.0,0.0,,,,1700.0,
JUGUETES,,JUGUETES,0.0,500.0,1500.0,1.0,,,,500.0,
,,JUGUETES CUERDA,7.0,0.0,2500.0,0.0,,,,0.0,
KIT 3 ESPONJA,,KIT 3 ESPONJA,3.0,220.0,500.0,0.0,,,,220.0,
KIT AGARRADERA,,KIT AGARRADERA,0.0,230.0,650.0,0.0,,,,230.0,
KIT ESPONJA ESTROPAJO,,KIT ESPONJA ESTROPAJO,0.0,330.0,750.0,0.0,,,,330.0,
KIT ESPONJA FREGAR,,KIT ESPONJA FREGAR,0.0,300.0,650.0,0.0,,,,300.0,
KIT ESTROPAJO,,KIT ESTROPAJO,0.0,170.0,400.0,0.0,,,,170.0,
KIT LONCHERA,,KIT LONCHERA,0.0,1500.0,2500.0,0.0,,,,1500.0,
KIT PARA UÑAS,,KIT PARA UÑAS,0.0,260.0,1500.0,0.0,,,,260.0,
KITTY,,KITTY,0.0,3390.0,12000.0,0.0,,,,3390.0,
LAPICERO 10 COLORES,,LAPICERO 10 COLORES,0.0,200.0,500.0,0.0,,,,200.0,
LAPICERO DE COLORES,,LAPICERO DE COLORES,0.0,30.0,150.0,0.0,,,,30.0,
,,LAPICERO MINI,0.0,0.0,650.0,0.0,,,,0.0,
,,LAPICERO SIRENA,0.0,0.0,850.0,0.0,,,,0.0,
LAZOS GRANDES 1,,LAZOS GRANDES 1,0.0,282.0,1200.0,0.0,,,,282.0,
LAZOS GRANDES 2,,LAZOS GRANDES 2,0.0,390.0,1300.0,0.0,,,,390.0,
LEGO 1,,LEGO 1,25.0,512.0,1200.0,0.0,,,,491.9,
LEGO 2,,LEGO 2,101.0,667.0,1500.0,0.0,,,,651.99,
LEGO GRANDE 1,,LEGO GRANDE 1,0.0,5300.0,18500.0,0.0,,,,5300.0,
LEGO GRANDE 2,,LEGO GRANDE 2,0.0,4240.0,15000.0,0.0,,,,4240.0,
LEGO MOCHILA,,LEGO MOCHILA,0.0,1200.0,2500.0,0.0,,,,1200.0,
LEGO MÁGICO,,LEGO MÁGICO,15.0,223.0,2500.0,0.0,,,,138.05,
LEGO MÁGICO 1,,LEGO MÁGICO 1,0.0,267.0,2000.0,0.0,,,,267.0,
LENTES,,LENTES,0.0,445.0,3300.0,0.0,,,,323.64,
LICRAS,,LICRAS,0.0,870.0,2500.0,0.0,,,,870.0,
,,LICRAS FAJA,5.0,0.0,4200.0,0.0,,,,0.0,
LIGA CABLE,,LIGA CABLE,0.0,28.0,100.0,0.0,,,,28.0,
,,LIGA DETALLE,12.0,0.0,500.0,0.0,,,,0.0,
LIGA SILICONA,,LIGA SILICONA,0.0,139.0,700.0,0.0,,,,139.0,
LIGA SURTIDA,,LIGA SURTIDA,0.0,185.0,800.0,0.0,,,,185.0,
,,LIMA DE UÑAS,0.0,0.0,150.0,0.0,,,,0.0,
LLAVERO 1,,LLAVERO 1,0.0,556.0,1950.0,0.0,,,,556.0,
LLAVERO CON FIGURA,,LLAVERO CON FIGURA,0.0,267.0,1200.0,0.0,,,,267.0,
,,LLAVERO CUBO RUBIK,0.0,0.0,350.0,0.0,,,,0.0,
LLAVERO ESPONJA,,LLAVERO ESPONJA,0.0,334.0,1200.0,0.0,,,,334.0,
,,LLAVERO FASHION,13.0,0.0,2000.0,0.0,,,,0.0,
LLAVERO FIGURA,,LLAVERO FIGURA,5.0,130.0,650.0,0.0,,,,130.0,
,,LLAVERO LETRA,0.0,0.0,350.0,0.0,,,,0.0,
,,LLAVERO LINTERNA,0.0,0.0,700.0,0.0,,,,0.0,
,,LLAVERO MINI STICH,14.0,0.0,500.0,0.0,,,,0.0,
,,LLAVERO MONEDERO 1,50.0,0.0,900.0,0.0,,,,0.0,
LLAVERO MONEDERO 1,,LLAVERO MONEDERO 2,0.0,204.0,750.0,0.0,,,,204.0,
LLAVERO MONEDERO 2,,LLAVERO MONEDERO 3,0.0,241.0,950.0,0.0,,,,241.0,
,,LLAVERO MONEDERO 4,0.0,0.0,1100.0,0.0,,,,0.0,
,,LLAVERO MONEDERO 5,0.0,0.0,1500.0,0.0,,,,0.0,
,,LLAVERO MONEDERO 6,0.0,0.0,650.0,0.0,,,,0.0,
,,LLAVERO MONEDERO BUBU,0.0,0.0,1300.0,0.0,,,,0.0,
,,LLAVERO MUÑE,7.0,0.0,1100.0,0.0,,,,0.0,
,,LLAVERO OJO TURCO,0.0,0.0,750.0,0.0,,,,0.0,
LLAVERO ORUGA,,LLAVERO ORUGA,0.0,167.0,850.0,0.0,,,,167.0,
LLAVERO POMPÓN,,LLAVERO POMPÓN,0.0,158.0,850.0,0.0,,,,158.0,
,,LLAVERO POMPÓN 1,0.0,0.0,950.0,0.0,,,,0.0,
,,LLAVERO POMPÓN 2,12.0,0.0,1050.0,0.0,,,,0.0,
LOL,,LOL,0.0,2606.0,5000.0,0.0,,,,2606.0,
,,LONCHERAS,0.0,0.0,4000.0,0.0,,,,0.0,
LUCES NAV BOMBILLO CHICO,,LUCES NAV BOMBILLO CHICO,0.0,1745.0,6500.0,0.0,,,,1745.0,
LUCES NAV BOMBILLO GRANDE,,LUCES NAV BOMBILLO GRANDE,0.0,3300.0,12000.0,0.0,,,,3300.0,
LUCES NAV FIGURA,,LUCES NAV FIGURA,0.0,2090.0,7500.0,0.0,,,,2090.0,
LUCES NAVIDAD,,LUCES NAVIDAD,20.0,785.0,3500.0,0.0,,,,785.0,
LUFFY,,LUFFY,0.0,2617.0,9000.0,0.0,,,,2617.0,
LUZ LED,,LUZ LED,0.0,2800.0,10000.0,0.0,,,,2800.0,
LÁMPARA,,LÁMPARA,0.0,3390.0,14000.0,0.0,,,,3390.0,
LÁMPARA DE LUZ,,LÁMPARA DE LUZ,0.0,1130.0,4700.0,0.0,,,,1130.0,
LÁMPARA DINO,,LÁMPARA DINO,0.0,1047.0,3600.0,0.0,,,,1047.0,
LÁPIZ CEJA CHICO,,LÁPIZ CEJA CHICO,0.0,84.0,400.0,0.0,,,,84.0,
LÁPIZ DE CEJA,,LÁPIZ DE CEJA,0.0,85.0,550.0,0.0,,,,85.0,
LÁPIZ DE DIBUJO,,LÁPIZ DE DIBUJO,0.0,20.0,50.0,0.0,,,,20.0,
LÁPIZ INFINITO,,LÁPIZ INFINITO,0.0,66.0,200.0,0.0,,,,66.0,
,,MACETA MINI 2,0.0,0.0,2000.0,0.0,,,,0.0,
MACETAS GRANDE,,MACETAS GRANDE,0.0,714.0,2500.0,0.0,,,,714.0,
MACETAS MED,,MACETAS MED,0.0,445.0,1700.0,0.0,,,,445.0,
MACETAS MINI,,MACETAS MINI,0.0,750.0,1800.0,0.0,,,,750.0,
MACETAS SÚPER GRANDES,,MACETAS SÚPER GRANDES,0.0,1500.0,2000.0,0.0,,,,1500.0,
MANILLA 1,,MANILLA 1,0.0,586.0,2500.0,0.0,,,,586.0,
MANILLA 2,,MANILLA 2,0.0,1303.0,4800.0,0.0,,,,1303.0,
,,MANILLAS 2,0.0,0.0,3000.0,0.0,,,,0.0,
MARBELLIN,,MARBELLIN 1,0.0,167.0,650.0,0.0,,,,167.0,
MARBELLINE DOBLE,,MARBELLIN DOBLE,0.0,167.0,850.0,0.0,,,,167.0,
,,MARBELLINE 2,18.0,0.0,1100.0,0.0,,,,0.0,
MARCADOR PERMANENTE,,MARCADOR PERMANENTE,0.0,50.0,350.0,0.0,,,,50.0,
MASCARILLA FACIAL,,MASCARILLA FACIAL,11.0,133.0,550.0,0.0,,,,133.0,
MASCARILLA FACIAL 2,,MASCARILLA FACIAL 2,0.0,178.0,650.0,0.0,,,,178.0,
MASCARILLA LABIOS,,MASCARILLA LABIOS,13.0,67.0,450.0,0.0,,,,67.0,
MASCARILLA NARIZ,,MASCARILLA NARIZ,0.0,67.0,450.0,0.0,,,,67.0,
MASCARILLA OJOS,,MASCARILLA OJOS,0.0,67.0,450.0,0.0,,,,67.0,
,,MEDIAS ESCUELA,36.0,0.0,850.0,0.0,,,,0.0,
,,MEDIAS ESCUELA 2,10.0,0.0,1000.0,0.0,,,,0.0,
,,MEDIAS KUROMI,0.0,0.0,950.0,0.0,,,,0.0,
,,MEDIAS MARCA,4.0,0.0,1300.0,0.0,,,,0.0,
MEDIAS MUÑE,,MEDIAS MUÑE 1,0.0,112.0,550.0,0.0,,,,37.33,
,,MEDIAS MUÑE 2,0.0,0.0,650.0,0.0,,,,0.0,
,,MEDIAS MUÑE 3,0.0,0.0,850.0,0.0,,,,0.0,
,,MEDIAS MUÑE 4,0.0,0.0,950.0,0.0,,,,0.0,
,,MEDIAS NAV,0.0,0.0,650.0,0.0,,,,0.0,
MEDIAS NIKE CORTAS,,MEDIAS NIKE CORTAS,0.0,260.0,950.0,0.0,,,,260.0,
MEDIAS NIKE LARGAS,,MEDIAS NIKE LARGAS,0.0,282.0,950.0,0.0,,,,282.0,
MEDIAS SIMPLES,,MEDIAS SIMPLES,0.0,217.0,750.0,0.0,,,,217.0,
MEDIAS STICH,,MEDIAS STICH,0.0,282.0,1050.0,0.0,,,,282.0,
MEDIDOR,,MEDIDOR,0.0,870.0,3000.0,0.0,,,,870.0,
MERENDERO 1,,MERENDERO 1,0.0,800.0,5500.0,0.0,,,,800.0,
MERENDERO DANIEL,,MERENDERO DANIEL,0.0,1300.0,4500.0,0.0,,,,1300.0,
MINAS 1,,MINAS 1,20.0,24.0,200.0,0.0,,,,24.0,
MINAS 2,,MINAS 2,0.0,90.0,450.0,0.0,,,,90.0,
MOCHILA 2,,MOCHILA 2,0.0,1700.0,9400.0,0.0,,,,1700.0,
MOCHILA COMBO,,MOCHILA COMBO,0.0,1500.0,6500.0,0.0,,,,1500.0,
MOCHILA COMBO LUZ,,MOCHILA COMBO LUZ,0.0,3330.0,11700.0,0.0,,,,3330.0,
MOCHILA DE MUJER,,MOCHILA DE MUJER,0.0,4445.0,14500.0,0.0,,,,4445.0,
,,MOCHILA NIÑO,0.0,0.0,7500.0,0.0,,,,0.0,
,,MOCHILA PELUCHE,0.0,0.0,4700.0,0.0,,,,0.0,
MOCHILA SALIR,,MOCHILA SALIR,0.0,2223.0,9500.0,0.0,,,,2223.0,
,,MOCHILA SALIR 2,4.0,0.0,12000.0,0.0,,,,0.0,
,,MOCHILAS SERENA,0.0,0.0,9500.0,0.0,,,,0.0,
,,MOCHILAS UNICORNIO,0.0,0.0,6500.0,0.0,,,,0.0,
MOCO SLIME,,MOCO SLIME,0.0,84.0,850.0,0.0,,,,0.0,
MONEDERO 1,,MONEDERO 1,0.0,2112.0,8000.0,0.0,,,,2112.0,
,,MONEDERO 2,0.0,0.0,5300.0,0.0,,,,0.0,
MONEDERO 3,,MONEDERO 3,0.0,2556.0,8200.0,0.0,,,,2556.0,
,,MONEDERO 4,0.0,0.0,5500.0,0.0,,,,0.0,
,,MONEDERO 5,0.0,0.0,6500.0,0.0,,,,0.0,
,,MONEDERO 6,0.0,0.0,4500.0,0.0,,,,0.0,
MONEDERO CARTERITA,,MONEDERO CARTERITA,0.0,1334.0,6500.0,0.0,,,,1334.0,
MONO PANTALÓN,,MONO PANTALÓN,0.0,890.0,3800.0,0.0,,,,890.0,
,,MOÑO CORTO,0.0,0.0,2500.0,0.0,,,,0.0,
,,MOÑO LARGO,0.0,0.0,5000.0,0.0,,,,0.0,
MOÑO LAZO.,,MOÑO LAZO,0.0,35.0,200.0,0.0,,,,35.0,
MUÑECAS BARBIE,,MUÑECAS BARBIE,0.0,900.0,3000.0,0.0,,,,900.0,
MUÑECAS MINI,,MUÑECAS MINI,0.0,430.0,1500.0,0.0,,,,430.0,
,,MUÑECO NAV,0.0,0.0,6300.0,0.0,,,,0.0,
,,MUÑECO SALTARIN,0.0,0.0,3000.0,0.0,,,,0.0,
,,MUÑECOS ARENA,0.0,0.0,1200.0,0.0,,,,0.0,
NAILON REGALO 1,,NAILON REGALO 1,0.0,28.0,150.0,0.0,,,,28.0,
NAILON REGALO 2,,NAILON REGALO 2,0.0,50.0,250.0,0.0,,,,50.0,
NARUTO MED,,NARUTO MED,0.0,497.0,3500.0,0.0,,,,497.0,
NEZUCO,,NEZUCO,0.0,2180.0,7000.0,0.0,,,,2180.0,
,,OJOS HALLOWEEN,63.0,0.0,200.0,0.0,,,,0.0,
ONE PIECE CHICO,,ONE PIECE CHICO,5.0,752.0,2750.0,0.0,,,,752.0,
ONE PIECE GRANDE,,ONE PIECE GRANDE,0.0,1746.0,6500.0,0.0,,,,1746.0,
,,ONE PIECE MED,0.0,0.0,4500.0,0.0,,,,0.0,
ORGANIZADORES,,ORGANIZADORES,0.0,270.0,950.0,0.0,,,,270.0,
OSITOS,,OSITOS,0.0,223.0,300.0,0.0,,,,223.0,
OSITOS DECORAR,,OSITOS DECORAR,0.0,178.0,300.0,0.0,,,,178.0,
OOSO6,,OSO,0.0,2500.0,10000.0,0.0,,,,2500.0,
PALITOS TENDER,,PALITOS TENDER,0.0,430.0,1500.0,0.0,,,,430.0,
,,PAMELAS,0.0,0.0,3500.0,0.0,,,,0.0,
PANDORA 1,,PANDORA 1,0.0,570.0,2800.0,0.0,,,,570.0,
PANDORA 2,,PANDORA 2,0.0,665.0,3200.0,0.0,,,,665.0,
PANDORA 3,,PANDORA 3,0.0,150.0,1500.0,0.0,,,,150.0,
PANDORA PULSO,,PANDORA PULSO,0.0,120.0,500.0,0.0,,,,120.0,
PANEL SOLAR,,PANEL SOLAR,0.0,800.0,2150.0,0.0,,,,800.0,
PANTYS,,PANTS,0.0,434.0,1800.0,0.0,,,,434.0,
,,PAQUETE BOLA NAV GRANDE,0.0,0.0,3000.0,0.0,,,,0.0,
,,PAQUETE BOLA NAV MEDIANO,5.0,0.0,1400.0,0.0,,,,0.0,
PAQUETE FELPA,,PAQUETE FELPA,17.0,157.0,650.0,0.0,,,,156.46,
,,PAQUETE FELPA DETALLE,0.0,0.0,650.0,0.0,,,,0.0,
PAQUETE FELPA FLOR,,PAQUETE FELPA FLOR,0.0,158.0,650.0,0.0,,,,158.0,
PAQUETE FELPA SURTIDO,,PAQUETE FELPA SURTIDO,0.0,167.0,650.0,0.0,,,,167.0,
,,PAQUETE HEBILLA BUBU,6.0,0.0,650.0,0.0,,,,0.0,
,,PAQUETE HEBILLA FELPA STICH,0.0,0.0,1200.0,0.0,,,,0.0,
,,PAQUETE HEBILLA PELLISQUITO,0.0,0.0,750.0,0.0,,,,0.0,
,,PAQUETE HEBILLA TIC TAC,12.0,0.0,800.0,0.0,,,,0.0,
PAQUETE PELLIZCO 2,,PAQUETE PELLIZCO 1,6.0,167.0,650.0,0.0,,,,167.0,
,,PAQUETE PELLIZCO 2,6.0,0.0,850.0,0.0,,,,0.0,
PAQUETE PELLIZCO,,PAQUETE PELLIZCO 3,0.0,130.0,900.0,0.0,,,,130.0,
,,PAQUETE PELLIZCO FELPA 1,0.0,0.0,750.0,0.0,,,,0.0,
,,PAQUETE PELLIZCO FELPA 2,0.0,0.0,1500.0,0.0,,,,0.0,
,,PAQUETE PELLIZCO HEBILLA 1,4.0,0.0,750.0,0.0,,,,0.0,
,,PAQUETE PELLIZCO HEBILLA 2,0.0,0.0,900.0,0.0,,,,0.0,
,,PAQUETE PELLIZCO NAVIDAD,0.0,0.0,750.0,0.0,,,,0.0,
PAR DE PEINE,,PAR DE PEINE,0.0,38.0,500.0,0.0,,,,38.0,
PATICOS,,PATICOS,14.0,65.0,250.0,0.0,,,,65.0,
PAÑO DE COCINA,,PAÑO DE COCINA,0.0,150.0,450.0,0.0,,,,150.0,
,,PAÑUELO PINTA,0.0,0.0,950.0,0.0,,,,0.0,
,,PAÑUELOS CABEZA HOMBRE,0.0,0.0,1500.0,0.0,,,,0.0,
PECHERA,,PECHERA,0.0,1445.0,6800.0,0.0,,,,1445.0,
PECHERA PERRO,,PECHERA PERRO CHICA,0.0,600.0,1500.0,0.0,,,,600.0,
PECHERA PERRO GRANDE,,PECHERA PERRO GRANDE,0.0,700.0,2000.0,0.0,,,,700.0,
,,PECHERAS PRO,0.0,0.0,7000.0,0.0,,,,0.0,
PEINE MINI,,PEINE MINI,0.0,29.0,500.0,0.0,,,,29.0,
PEINES 1,,PEINES 1,0.0,44.0,200.0,0.0,,,,44.0,
PEINES GRANDES,,PEINES GRANDES,0.0,72.0,300.0,0.0,,,,72.0,
PELLIZCO 1,,PELLIZCO 1,0.0,334.0,1200.0,0.0,,,,334.0,
,,PELLIZCO 10,0.0,0.0,250.0,0.0,,,,0.0,
,,PELLIZCO 11,0.0,0.0,1000.0,0.0,,,,0.0,
,,PELLIZCO 12,4.0,0.0,950.0,0.0,,,,0.0,
PELLIZCO 2,,PELLIZCO 2,0.0,75.0,350.0,0.0,,,,74.73,
PELLIZCO 3,,PELLIZCO 3,11.0,130.0,500.0,0.0,,,,130.0,
PELLIZCO 4,,PELLIZCO 4,7.0,130.0,650.0,0.0,,,,130.0,
PELLIZCO 5,,PELLIZCO 5,30.0,241.0,850.0,0.0,,,,240.62,
PELLIZCO 6,,PELLIZCO 6,10.0,186.0,700.0,0.0,,,,186.0,
PELLIZCO 7,,PELLIZCO 7,4.0,93.0,400.0,0.0,,,,93.0,
PELLIZCO 8,,PELLIZCO 8,5.0,223.0,900.0,0.0,,,,223.0,
PELLIZCO 9,,PELLIZCO 9,0.0,593.0,1500.0,0.0,,,,593.0,
,,PELLIZCOS 12,0.0,0.0,450.0,0.0,,,,0.0,
,,PELLIZCOS 13,0.0,0.0,550.0,0.0,,,,0.0,
,,PELLIZCOS 14,57.0,0.0,750.0,0.0,,,,0.0,
PELO A PELO,,PELO A PELO,0.0,170.0,600.0,0.0,,,,170.0,
PELOTA FÚTBOL CHICA,,PELOTA FÚTBOL CHICA,1.0,667.0,3500.0,0.0,,,,667.0,
PELOTA RETORNO,,PELOTA RETORNO,0.0,130.0,500.0,0.0,,,,130.0,
PELOTAS CHICAS,,PELOTAS CHICAS,20.0,267.0,1000.0,0.0,,,,267.0,
PELOTAS FÚTBOL,,PELOTAS FÚTBOL,21.0,978.0,5000.0,0.0,,,,978.0,
PELOTAS GRANDES,,PELOTAS GRANDES,0.0,480.0,2000.0,0.0,,,,480.0,
PELOTICA,,PELOTICA,0.0,121.0,450.0,0.0,,,,121.0,
PELOTICA 2,,PELOTICA 2,10.0,130.0,750.0,0.0,,,,130.0,
PELUCHES 1,,PELUCHES 1,0.0,1500.0,3500.0,0.0,,,,1500.0,
PELUCHES 2,,PELUCHES 2,0.0,1000.0,4700.0,0.0,,,,1000.0,
PERFILADORES,,PERFILADORES,77.0,37.0,350.0,0.0,,,,37.0,
PERFUME,,PERFUME,0.0,600.0,3000.0,0.0,,,,600.0,
PERFUME DE BOLSO,,PERFUME DE BOLSO,10.0,312.0,1200.0,0.0,,,,312.0,
PERFUME DE NIÑO,,PERFUME DE NIÑO,0.0,500.0,2000.0,0.0,,,,500.0,
PERFUME LARGO,,PERFUME LARGO,0.0,312.0,2000.0,0.0,,,,312.0,
PESONERA 1,,PESONERA 1,0.0,378.0,1500.0,0.0,,,,378.0,
,,PESONERA PAR,0.0,0.0,300.0,0.0,,,,0.0,
PESTAÑA 1,,PESTAÑA 1,0.0,78.0,450.0,0.0,,,,78.0,
PESTAÑA 2,,PESTAÑA 3,0.0,140.0,800.0,0.0,,,,140.0,
,,PESTAÑAS 2,0.0,0.0,650.0,0.0,,,,0.0,
,,PESTAÑAS PELO A PELO,0.0,0.0,650.0,0.0,,,,0.0,
PICO PATO,,PICO PATO,0.0,167.0,800.0,0.0,,,,167.0,
PIERCING NARIZ,,PIERCING NARIZ,0.0,40.0,200.0,0.0,,,,40.0,
,,PIKACHU PELUCHE CHICO,1.0,0.0,13500.0,0.0,,,,0.0,
,,PIKACHU PELUCHE GRANDE,1.0,0.0,21000.0,0.0,,,,0.0,
PILAS 2A,,PILAS 2A,0.0,22.0,250.0,0.0,,,,22.0,
PINCEL CEJA 1,,PINCEL CEJA 1,0.0,130.0,750.0,0.0,,,,130.0,
PINCEL DE CEJA DOBLE,,PINCEL DE CEJA DOBLE,0.0,232.0,950.0,0.0,,,,179.61,
,,PINES SAPO,0.0,0.0,300.0,0.0,,,,0.0,
,,PINGÜINO LUZ,0.0,0.0,800.0,0.0,,,,0.0,
,,PINTA PELO,0.0,0.0,1200.0,0.0,,,,0.0,
PINTURA DE UÑAS,,PINTURA DE UÑAS,24.0,178.0,950.0,0.0,,,,178.0,
PINZA CEJAS,,PINZA CEJAS,0.0,24.0,150.0,0.0,,,,24.0,
PISTOLA AGUA,,PISTOLA AGUA,0.0,558.0,2500.0,0.0,,,,558.0,
PLANTILLAS,,PLANTILLAS 1,15.0,139.0,650.0,0.0,,,,139.0,
,,PLANTILLAS 2,0.0,0.0,850.0,0.0,,,,0.0,
POCHITA,,POCHITA,0.0,858.0,3500.0,0.0,,,,858.0,
POLVO DE CEJA,,POLVO DE CEJA,0.0,130.0,550.0,0.0,,,,130.0,
POLVO TRASLÚCIDO,,POLVO TRASLÚCIDO,0.0,285.0,1700.0,0.0,,,,285.0,
PORTA PAÑO,,PORTA PAÑO,0.0,450.0,900.0,0.0,,,,450.0,
PORTA SERVILLETAS,,PORTA SERVILLETAS,0.0,330.0,850.0,0.0,,,,330.0,
PORTAMINAS,,PORTAMINAS,0.0,110.0,550.0,0.0,,,,110.0,
PORTAPAÑO,,PORTAPAÑO,0.0,170.0,650.0,0.0,,,,170.0,
,,POZUELO CHICO,0.0,0.0,850.0,0.0,,,,0.0,
,,POZUELO GRANDE,0.0,0.0,1200.0,0.0,,,,0.0,
,,POZUELO MEDIANO,0.0,0.0,950.0,0.0,,,,0.0,
,,POZUELO MINI,0.0,0.0,500.0,0.0,,,,0.0,
POZUELOS,,POZUELOS,0.0,250.0,650.0,0.0,,,,250.0,
PRIMER MAQ,,PRIMER MAQ,12.0,200.0,1600.0,0.0,,,,200.0,
PROTECTOR SOLAR,,PROTECTOR SOLAR,0.0,266.0,950.0,0.0,,,,266.0,
,,PUERCOS AGUA,0.0,0.0,550.0,0.0,,,,0.0,
PUFF,,PUFF,14.0,56.0,450.0,0.0,,,,56.0,
,,PUFF EXFOLIANTE,0.0,0.0,550.0,0.0,,,,0.0,
PULLOVER H,,PULLOVER H,0.0,0.0,2400.0,0.0,,,,0.0,
PULLOVER MANGA,,PULLOVER MANGA,0.0,1445.0,4800.0,0.0,,,,1445.0,
PULLOVER M BRILLO,,PULOVER,0.0,1040.0,4500.0,0.0,,,,1040.0,
,,PULOVER MANGA,10.0,0.0,6500.0,0.0,,,,0.0,
,,PULSERA PAREJA,0.0,0.0,1200.0,0.0,,,,0.0,
,,PULSO,0.0,0.0,750.0,0.0,,,,0.0,
,,PULSOS CARACOL,0.0,0.0,600.0,0.0,,,,0.0,
,,PULSOS CONJUNTO,0.0,0.0,650.0,0.0,,,,0.0,
,,PULSOS CUERO,0.0,0.0,700.0,0.0,,,,0.0,
,,PULSOS NIÑA,12.0,0.0,450.0,0.0,,,,0.0,
,,PULSOS OJO TURCO,0.0,0.0,750.0,0.0,,,,0.0,
,,PULSOS PERLA,8.0,0.0,600.0,0.0,,,,0.0,
,,PULSOS YING YANG,0.0,0.0,650.0,0.0,,,,0.0,
PÉTALOS,,PÉTALOS,0.0,95.0,350.0,0.0,,,,95.0,
PÓSTER,,PÓSTER,0.0,892.0,3500.0,0.0,,,,892.0,
QUITA DUREZA,,QUITA DUREZA,0.0,260.0,950.0,0.0,,,,260.0,
QUITA DUREZA 1,,QUITA DUREZA 1,0.0,104.0,600.0,0.0,,,,104.0,
QUITA PELUSA,,QUITA PELUSA,0.0,345.0,1500.0,0.0,,,,345.0,
,,RABO GATO,0.0,0.0,500.0,0.0,,,,0.0,
,,RABO GATO HALLOWEEN,3.0,0.0,1200.0,0.0,,,,0.0,
RASURADORA,,RASURADORA,0.0,1303.0,4000.0,0.0,,,,1303.0,
RAYADOR,,RAYADOR,0.0,520.0,2000.0,0.0,,,,520.0,
RAYADOR 1,,RAYADOR 1,0.0,250.0,650.0,0.0,,,,250.0,
REDESILLA,,REDESILLA,36.0,108.0,400.0,0.0,,,,108.0,
RELOJ DE NIÑO,,RELOJ DE NIÑO,0.0,1000.0,3200.0,0.0,,,,1000.0,
RESORTE CHICO,,RESORTE CHICO,0.0,71.0,500.0,0.0,,,,71.0,
RESORTE GRANDE,,RESORTE GRANDE,0.0,100.0,500.0,0.0,,,,100.0,
RESORTE MED,,RESORTE MED,0.0,85.0,450.0,0.0,,,,85.0,
RESORTE SÚPER GRANDE,,RESORTE SÚPER GRANDE,0.0,240.0,850.0,0.0,,,,240.0,
RIZADOR PESTAÑA,,RIZADOR PESTAÑA,10.0,334.0,1200.0,0.0,,,,334.0,
RIÑONERA,,RIÑONERA,0.0,2606.0,7500.0,0.0,,,,2606.0,
RIÑONERA 2,,RIÑONERA 2,0.0,778.0,6000.0,0.0,,,,778.0,
,,RIÑONERA REBAJA,0.0,0.0,3000.0,0.0,,,,0.0,
,,RUBOR BARRA,15.0,0.0,1700.0,0.0,,,,0.0,
SACA-CORCHO,,SACA-CORCHO,0.0,520.0,2000.0,0.0,,,,520.0,
SACAPIOJO,,SACAPIOJO,7.0,148.0,800.0,0.0,,,,148.0,
SALVAVIDAS,,SALVAVIDAS,0.0,521.0,2500.0,0.0,,,,521.0,
SANDALIA DE H,,SANDALIA DE H,0.0,900.0,3500.0,0.0,,,,900.0,
SANDALIA SAPITO ADULTO,,SANDALIA SAPITO ADULTO,0.0,1000.0,4000.0,0.0,,,,1000.0,
SANDALIA SAPITO NIÑO,,SANDALIA SAPITO NIÑO,0.0,900.0,3500.0,0.0,,,,900.0,
SANTA,,SANTA,0.0,1900.0,6000.0,0.0,,,,1900.0,
,,SANTAS,0.0,0.0,3200.0,0.0,,,,0.0,
SAPITO FASHION,,SAPITO FASHION,0.0,1750.0,4300.0,0.0,,,,1750.0,
SAPO ADULTO,,SAPO ADULTO,0.0,2100.0,4500.0,0.0,,,,2100.0,
SERUM,,SERUM,0.0,378.0,2000.0,0.0,,,,378.0,
SET GLOBO CHICO,,SET GLOBO CHICO,0.0,261.0,1100.0,0.0,,,,261.0,
,,SHORTS,0.0,0.0,3500.0,0.0,,,,0.0,
MUÑECO SILICONA,,SKUICHI,0.0,370.0,1300.0,0.0,,,,370.0,
SLIME CHICO,,SLIME CHICO,0.0,84.0,1000.0,0.0,,,,84.0,
,,SLIME GRANDE,0.0,0.0,2200.0,0.0,,,,0.0,
SOMBRA 1,,SOMBRA 1,0.0,408.0,1550.0,0.0,,,,408.0,
SOMBRA 2,,SOMBRA 2,0.0,434.0,1800.0,0.0,,,,434.0,
SOMBRA 3,,SOMBRA 3,3.0,282.0,2300.0,0.0,,,,285.94,
,,SOMBRA 4,0.0,0.0,1400.0,0.0,,,,0.0,
SOMBRA CHICA,,SOMBRA CHICA,0.0,145.0,950.0,0.0,,,,145.0,
,,SOMBRA COMPACTO,3.0,0.0,3200.0,0.0,,,,0.0,
,,SOMBRA MAQ 5,0.0,0.0,3000.0,0.0,,,,0.0,
,,SOMBRA MAQ 6,4.0,0.0,2500.0,0.0,,,,0.0,
,,SOMBRA MAQ 7,18.0,0.0,2000.0,0.0,,,,0.0,
,,SONAJERO,0.0,0.0,4000.0,0.0,,,,0.0,
,,SPINERS,0.0,0.0,850.0,0.0,,,,0.0,
STICH CHICO,,STICH PELUCHE CHICO,1.0,2000.0,13500.0,0.0,,,,2000.0,
STICH GRANDE,,STICH PELUCHE GRANDE,0.0,3928.0,21000.0,0.0,,,,3928.0,
STICH MED,,STICH PELUCHE MED,4.0,2678.0,17500.0,0.0,,,,2678.0,
TANJIRO,,TANJIRO,0.0,2180.0,8000.0,0.0,,,,2180.0,
TANJIRO 2,,TANJIRO 2,0.0,5500.0,20000.0,0.0,,,,5500.0,
TARJETA REGALO CHICA,,TARJETA REGALO CHICA,6.0,0.0,200.0,0.0,,,,0.0,
TARJETA REGALO MED,,TARJETA REGALO MED,5.0,0.0,300.0,0.0,,,,0.0,
,,TELA ARAÑA,4.0,0.0,2300.0,0.0,,,,0.0,
TENIS SAPITO,,TENIS SAPITO,0.0,1500.0,3000.0,0.0,,,,1500.0,
,,TIRANTE ESPEJUELOS,5.0,0.0,1500.0,0.0,,,,0.0,
TIRANTE SILICONA,,TIRANTE SILICONA,0.0,74.0,450.0,0.0,,,,74.0,
TOALLITA COCINA,,TOALLITA COCINA,10.0,90.0,350.0,0.0,,,,90.0,
TOALLITA COCINA 2,,TOALLITA COCINA 2,0.0,214.0,750.0,0.0,,,,214.0,
,,TOBILLERAS 1,0.0,0.0,1500.0,0.0,,,,0.0,
,,TOBILLERAS 2,0.0,0.0,2500.0,0.0,,,,0.0,
,,TOBILLERAS 3,0.0,0.0,3500.0,0.0,,,,0.0,
,,TONICO CORPORAL,4.0,0.0,2500.0,0.0,,,,0.0,
,,TOP MUJER,0.0,0.0,2000.0,0.0,,,,0.0,
TRAPITO COCINA,,TRAPITO COCINA,0.0,220.0,500.0,0.0,,,,220.0,
TRATAMIENTO PESTAÑA,,TRATAMIENTO PESTAÑA,60.0,156.0,850.0,0.0,,,,156.0,
UÑAS DOBLE,,UÑAS DOBLE,0.0,278.0,1500.0,0.0,,,,278.0,
,,UÑAS MANO 1,0.0,0.0,500.0,0.0,,,,0.0,
UÑAS,,UÑAS MANO 2,0.0,148.0,650.0,0.0,,,,148.0,
,,UÑAS MANO 3,0.0,0.0,1300.0,0.0,,,,0.0,
UÑAS NIÑA,,UÑAS NIÑA 1,0.0,93.0,500.0,0.0,,,,93.0,
,,UÑAS NIÑA 2,0.0,0.0,850.0,0.0,,,,0.0,
,,UÑAS NIÑA 3,14.0,0.0,550.0,0.0,,,,0.0,
VASOS,,VASOS,0.0,250.0,650.0,0.0,,,,250.0,
VELAS NAVIDAD,,VELAS NAVIDAD,0.0,120.0,450.0,0.0,,,,120.0,
VELAS PLANAS,,VELAS PLANAS,0.0,20.0,75.0,0.0,,,,20.0,
VENUS,,VENUS,0.0,230.0,950.0,0.0,,,,230.0,
VENUS RESPUESTO,,VENUS RESPUESTO,0.0,870.0,3500.0,0.0,,,,870.0,
VESTIDOS,,VESTIDOS,0.0,1140.0,4000.0,0.0,,,,1140.0,
YOYOS,,YOYOS,0.0,130.0,800.0,0.0,,,,130.0,
,,ZAPATERAS,0.0,0.0,4000.0,0.0,,,,0.0,
ÚTILES REPOSTERÍA,,ÚTILES REPOSTERÍA,0.0,260.0,950.0,0.0,,,,260.0,
ÚTILES REPOSTERÍA CAJA,,ÚTILES REPOSTERÍA CAJA,0.0,1135.0,4000.0,0.0,,,,1135.0,
ÚTILES REPOSTERÍA PAR,,ÚTILES REPOSTERÍA PAR,0.0,435.0,1500.0,0.0,,,,435.0,
ÚTILES REPOSTERÍA TRÍO,,ÚTILES REPOSTERÍA TRÍO,0.0,392.0,1500.0,0.0,,,,392.0,
