Clave,Unidad,Nombre,Cantidad,Costo,Precio,Cantidad Mínima,Precios Adicionales,Información Adicional,Categoría,Costo Promedio,
ABANICO,,ABANICO,3.0,0.0,900.0,0.0,,,,0.0,
,,ADORNO COLGANTE HALLOWEEN,0.0,0.0,3000.0,0.0,,,,0.0,
,,ADORNO HALLOWEEN,0.0,0.0,600.0,0.0,,,,0.0,
ADORNO NAV 1,,ADORNO NAV 1,2.0,0.0,450.0,0.0,,,,0.0,
ADORNO NAV 2,,ADORNO NAV 2,4.0,0.0,500.0,0.0,,,,0.0,
ADORNO NAV 3,,ADORNO NAV 3,2.0,0.0,700.0,0.0,,,,0.0,
ADORNO NAV 4,,ADORNO NAV 4,17.0,0.0,800.0,0.0,,,,0.0,
ADORNO NAV PAQUETE,,ADORNO NAV 5,32.0,0.0,1100.0,0.0,,,,0.0,
ADORNO NAV GRANDE,,ADORNO NAV GRANDE,1.0,0.0,550.0,0.0,,,,0.0,
ADORNO NAV PUERTA,,ADORNO NAV PUERTA,1.0,0.0,400.0,0.0,,,,0.0,
ADORNOS DE NAVIDAD CHICOS,,ADORNO NAV PUERTA 2,0.0,0.0,500.0,0.0,,,,0.0,
,,ADORNO PUERTA HALLOWEEN,0.0,0.0,2500.0,0.0,,,,0.0,
,,ADORNO PUERTA HALLOWEEN 2,0.0,0.0,3000.0,0.0,,,,0.0,
ADORNO SOLAR,,ADORNO SOLAR,0.0,0.0,1500.0,0.0,,,,0.0,
AJUSTADOR,,AJUSTADOR 1,3.0,0.0,1500.0,0.0,,,,0.0,
AJUSTADOR 2,,AJUSTADOR 2,1.0,0.0,1200.0,0.0,,,,0.0,
,,AJUSTADOR SILICONA,1.0,0.0,2500.0,0.0,,,,0.0,
ALFOMBRAS DE NAVIDAD,,ALFOMBRAS DE NAVIDAD,0.0,0.0,1500.0,0.0,,,,0.0,
,,ANILLOS 2,0.0,0.0,1500.0,0.0,,,,0.0,
ANILLOS 4,,ANILLOS 4,0.0,0.0,2000.0,0.0,,,,0.0,
ANILLOS LOVE,,ANILLOS LOVE,0.0,69.0,250.0,0.0,,,,69.0,
,,ANILLOS NIÑA,0.0,0.0,300.0,0.0,,,,0.0,
,,ANILLOS REBAJA,0.0,0.0,500.0,0.0,,,,0.0,
,,APLICADOR OÍDOS,2.0,0.0,2000.0,0.0,,,,0.0,
APLICADORES OÍDOS,,APLICADORES OÍDOS,3.0,0.0,550.0,0.0,,,,0.0,
ARBOLITOS INFLABLES,,ARBOLITOS INFLABLES,0.0,0.0,3000.0,0.0,,,,0.0,
PAR ARETES,,ARETES ACERO 2,11.0,0.0,2200.0,0.0,,,,0.0,
,,ARETES ACERO CHICOS,27.0,0.0,1400.0,0.0,,,,0.0,
,,ARETES ACERO CRUZ,1.0,0.0,2000.0,0.0,,,,0.0,
COQUITOS,,ARETES ACERO REBAJA,7.0,0.0,500.0,0.0,,,,0.0,
,,ARETES DIAMANTE,0.0,0.0,400.0,0.0,,,,0.0,
,,ARETES PERLA,21.0,0.0,300.0,0.0,,,,0.0,
,,ARGOLLAS ACERO,5.0,162.0,2000.0,0.0,,,,162.0,
ARGOLLAS GRANDES 1,,ARGOLLAS GRANDES 1,0.0,0.0,2000.0,0.0,,,,0.0,
ARREGLOS CHICOS,,ARREGLOS CHICOS,0.0,0.0,1500.0,0.0,,,,0.0,
ARREGLOS GRANDES,,ARREGLOS GRANDES,0.0,0.0,3500.0,0.0,,,,0.0,
ARREGLOS MED,,ARREGLOS MED,0.0,0.0,2000.0,0.0,,,,0.0,
AUDÍFONOS,,AUDÍFONOS,0.0,0.0,950.0,0.0,,,,0.0,
AUDÍFONOS GRANDES,,AUDÍFONOS GRANDES,0.0,0.0,2850.0,0.0,,,,0.0,
,,BABY YODA,2.0,0.0,100.0,0.0,,,,0.0,
,,BABY YODA PELUCHE CHICO,0.0,0.0,7500.0,0.0,,,,0.0,
,,BABY YODA PELUCHE GRANDE,0.0,0.0,10000.0,0.0,,,,0.0,
BASE,,BASE,5.0,0.0,2200.0,0.0,,,,0.0,
BASE 2,,BASE 2,14.0,130.0,750.0,0.0,,,,130.0,
,,BASE PROTECTOR,0.0,0.0,950.0,0.0,,,,0.0,
BILLETERAS 2,,BILLETERAS 2,1.0,778.0,2500.0,0.0,,,,778.0,
,,BLOQUE UÑAS,4.0,0.0,500.0,0.0,,,,0.0,
BLUMER DE M 1,,BLUMER DE M 1,0.0,0.0,550.0,0.0,,,,0.0,
BLUMER DE M 2,,BLUMER DE M 2,0.0,0.0,600.0,0.0,,,,0.0,
BLUMER DE M 3,,BLUMER DE M 3,1.0,0.0,800.0,0.0,,,,0.0,
BLUMER DE M 4,,BLUMER DE M 4,5.0,370.0,1100.0,0.0,,,,185.0,
,,BLUMER HILO,26.0,0.0,1500.0,0.0,,,,0.0,
,,BLUSAS,17.0,0.0,3500.0,0.0,,,,0.0,
,,BLUSAS 2,16.0,0.0,4500.0,0.0,,,,0.0,
,,BLUSAS ENCAJE,6.0,0.0,3500.0,0.0,,,,0.0,
BOCINA,,BOCINA,0.0,0.0,5000.0,0.0,,,,0.0,
BODY TRANSPARENTE,,BODY TRANSPARENTE,0.0,0.0,1800.0,0.0,,,,0.0,
,,BOLA POKEMON,3.0,0.0,1200.0,0.0,,,,0.0,
,,BOLSA MUJER CHICA,0.0,0.0,4500.0,0.0,,,,0.0,
,,BOLSA MUJER MEDIANA,0.0,0.0,3850.0,0.0,,,,0.0,
BOLSA NAV GRANDE,,BOLSA NAV GRANDE,0.0,0.0,600.0,0.0,,,,0.0,
BOLSA REGALO,,BOLSA REGALO,29.0,0.0,150.0,0.0,,,,0.0,
BOLSA REGALO 3,,BOLSA REGALO MED,0.0,173.0,850.0,0.0,,,,173.0,
BOLSA REGALO GRANDE,,BOLSA REGALO NAV,15.0,0.0,200.0,0.0,,,,0.0,
BOLSAS DE REGALO 2,,BOLSAS DE REGALO 2,0.0,0.0,350.0,0.0,,,,0.0,
BOLSAS REGALO 1,,BOLSAS REGALO 1,4.0,0.0,250.0,0.0,,,,0.0,
BOLSITO UNISEX,,BOLSITO UNISEX,0.0,3518.0,5500.0,0.0,,,,3518.0,
BOLSO H MANO 2,,BOLSO H MANO 1,2.0,0.0,7500.0,0.0,,,,0.0,
,,BOLSO H MANO 2,0.0,0.0,8000.0,0.0,,,,0.0,
,,BOLSO H PIERNA,0.0,0.0,5500.0,0.0,,,,0.0,
,,BOLSO HOMBRE,0.0,0.0,5500.0,0.0,,,,0.0,
,,BOLSO MUJER,0.0,0.0,6800.0,0.0,,,,0.0,
BOLSOS 1,,BOLSOS 1,3.0,1085.0,2200.0,0.0,,,,868.0,
BOLSOS 2,,BOLSOS 2,0.0,1025.0,3600.0,0.0,,,,0.0,
BOLSOS VOGUE,,BOLSOS VOGUE,0.0,850.0,2500.0,0.0,,,,850.0,
BOTA DE NAVIDAD CHICA,,BOTA DE NAVIDAD CHICA,4.0,0.0,800.0,0.0,,,,0.0,
BOTA DE NAVIDAD G,,BOTA DE NAVIDAD G,5.0,0.0,2100.0,0.0,,,,0.0,
BOTA NAV MEDIANA,,BOTA NAV MEDIANA,9.0,0.0,1750.0,0.0,,,,0.0,
,,BRILLO,10.0,0.0,1200.0,0.0,,,,0.0,
,,BRILLO 1,8.0,0.0,1300.0,0.0,,,,0.0,
,,BRILLO 2,6.0,0.0,1400.0,0.0,,,,0.0,
,,BRILLO 3,11.0,0.0,1800.0,0.0,,,,0.0,
BRILLO LISO 1,,BRILLO LISO 1,137.0,200.0,850.0,0.0,,,,200.0,
BRILLO LISO 2,,BRILLO LISO 2,6.0,0.0,1100.0,0.0,,,,0.0,
BRILLO LISO 3,,BRILLO LISO 3,19.0,148.0,700.0,0.0,,,,148.0,
,,BRILLO LISO 4,9.0,0.0,600.0,0.0,,,,0.0,
BRILLO LISO 5,,BRILLO LISO 5,15.0,213.0,950.0,0.0,,,,212.65,
,,BRILLO LISO DIOR,3.0,0.0,950.0,0.0,,,,0.0,
BROCHA DE BASE,,BROCHA DE BASE,0.0,0.0,950.0,0.0,,,,0.0,
BROCHA DE MAQUILLAJE MED,,BROCHA DE MAQUILLAJE MED,0.0,0.0,450.0,0.0,,,,0.0,
JUEGO BROCHA CHICO,,BROCHA JUEGO,3.0,0.0,1100.0,0.0,,,,0.0,
,,BROCHA MAQ 1,3.0,0.0,250.0,0.0,,,,0.0,
BROCHA DE MAQUILLAJE CHICA,,BROCHA MAQ 2,32.0,0.0,500.0,0.0,,,,0.0,
,,BROCHA MAQ 3,0.0,0.0,750.0,0.0,,,,0.0,
,,BROCHAS 4D,3.0,0.0,600.0,0.0,,,,0.0,
BUFANDA DE ADULTO,,BUFANDA DE ADULTO,0.0,0.0,950.0,0.0,,,,0.0,
BUFANDA DE NIÑO,,BUFANDA DE NIÑO,0.0,0.0,1500.0,0.0,,,,0.0,
BÁLSAMO,,BÁLSAMO,20.0,0.0,600.0,0.0,,,,0.0,
BÁLSAMO 2,,BÁLSAMO 2,5.0,0.0,700.0,0.0,,,,0.0,
,,BÁLSAMO 3,4.0,0.0,550.0,0.0,,,,0.0,
,,BÁLSAMO 4,18.0,0.0,800.0,0.0,,,,0.0,
,,BÁLSAMO 5,3.0,0.0,850.0,0.0,,,,0.0,
,,BÁLSAMO 6,11.0,0.0,1100.0,0.0,,,,0.0,
,,BÁLSAMO 7,4.0,0.0,1050.0,0.0,,,,0.0,
,,BÁLSAMO DIOR,7.0,0.0,1200.0,0.0,,,,0.0,
,,BÁLSAMO DIOR 2,6.0,0.0,1800.0,0.0,,,,0.0,
CADENA 1,,CADENA 1,1.0,521.0,1500.0,0.0,,Fantasía,,521.0,
CADENA 2,,CADENA 2,1.0,1303.0,3500.0,0.0,,Fantasía,,1303.0,
,,CADENA ACERO,0.0,0.0,2000.0,0.0,,,,0.0,
CAJA LOL,,CAJA LOL,0.0,0.0,16000.0,0.0,,,,0.0,
,,CALAVERA MINI,0.0,0.0,500.0,0.0,,,,0.0,
CALSONCILLO DE H,,CALSONCILLO DE H,0.0,208.0,900.0,0.0,,,,207.0,
CAMA PERRO CHICA,,CAMA PERRO CHICA,0.0,1800.0,4600.0,0.0,,,,1800.0,
CAMA PERRO GRANDE,,CAMA PERRO GRANDE,0.0,2100.0,4800.0,0.0,,,,2100.0,
,,CARRITOS,19.0,0.0,500.0,0.0,,,,0.0,
CARTERA DE H 1,,CARTERA DE H 1,0.0,2866.0,17000.0,0.0,,,,2866.0,
CARTERA DE H 2,,CARTERA DE H 2,0.0,4821.0,15000.0,0.0,,,,4821.0,
,,CARTERA DE H CHICA,2.0,0.0,5850.0,0.0,,,,0.0,
CARTERA DE H CHICA,,CARTERA DE H CHICA 1,2.0,0.0,3500.0,0.0,,,,0.0,
CARTERA DE H GRANDE,,CARTERA DE H GRANDE,0.0,0.0,7000.0,0.0,,,,0.0,
CARTERA DE H MED,,CARTERA DE H MED,1.0,0.0,6000.0,0.0,,,,0.0,
CARTERA DE H NUEVA CHICA,,CARTERA DE H NUEVA CHICA,3.0,0.0,13500.0,0.0,,Polo,,0.0,
CARTERA DE H NUEVA MED,,CARTERA DE H NUEVA MED,3.0,0.0,18500.0,0.0,,Polo,,0.0,
CARTERA DE HOMBRE NUEVA,,CARTERA DE HOMBRE NUEVA,2.0,0.0,10800.0,0.0,,,,0.0,
CARTERA DE M GRANDE,,CARTERA DE M GRANDE 1,0.0,1785.0,7500.0,0.0,,,,1785.0,
CARTERA DE M GRANDE 2,,CARTERA DE M GRANDE 2,0.0,2223.0,8000.0,1.0,,,,2223.0,
CARTERA DE M GRANDE 3,,CARTERA DE M GRANDE 3,0.0,0.0,11500.0,0.0,,,,0.0,
CARTERA DE M GRANDE 4,,CARTERA DE M GRANDE 4,7.0,3648.0,13500.0,0.0,,,,3648.0,
CARTERA DE NIÑA,,CARTERA DE NIÑA,0.0,1800.0,4600.0,0.0,,,,1800.0,
,,CARTERA H CHICA 2,0.0,0.0,4500.0,0.0,,,,0.0,
CARTERA HOMBRE NUEVA GRANDE,,CARTERA HOMBRE NUEVA GRANDE,0.0,3850.0,18000.0,0.0,,,,3850.0,
,,CARTERA M MED,0.0,0.0,2500.0,0.0,,,,0.0,
CARTERA M G REBAJA,,CARTERA M REBAJA,0.0,1785.0,5500.0,0.0,,,,1785.0,
CARTERA MUJER 1,,CARTERA MUJER 1,6.0,0.0,10500.0,0.0,,,,0.0,
,,CARTERA MUJER 2,0.0,0.0,5000.0,0.0,,,,0.0,
CARTERA SALIR GRANDE 2,,CARTERA MUJER ELEGANTE,1.0,4445.0,14500.0,0.0,,,,4445.0,
CARTERA SALIR GRANDE 1,,CARTERA SALIR GRANDE 1,0.0,0.0,16500.0,0.0,,,REBAJA DE PRECIOS,0.0,
CARTERAS DE SALIR G 1,,CARTERAS DE SALIR G 1,0.0,5733.0,16000.0,0.0,,,,5733.0,
CARTERAS DE SALIR G 2,,CARTERAS DE SALIR G 2,0.0,2223.0,10500.0,0.0,,,,2555.39,
CARTERITA DE CELULAR 1,,CARTERITA DE CELULAR 1,0.0,1085.0,1800.0,0.0,,,,0.0,
CARTERITA DE CELULAR 2,,CARTERITA DE CELULAR 2,0.0,860.0,2500.0,0.0,,,,0.0,
,,CARTERITA MUJER,0.0,0.0,5000.0,0.0,,,,0.0,
CARTERITA PELUSA,,CARTERITA PELUSA,0.0,0.0,350.0,0.0,,,,0.0,
,,CARTERITA UNICORNIO,0.0,0.0,3800.0,0.0,,,,0.0,
,,CARTERITAS LAZO,0.0,0.0,3500.0,0.0,,,,0.0,
CARTERITAS POPIT,,CARTERITAS POPIT 1,1.0,0.0,2500.0,0.0,,Niña,,0.0,
,,CARTERITAS POPIT 2,3.0,0.0,4500.0,0.0,,,,0.0,
,,CARTERITAS POPIT 3,7.0,0.0,5000.0,0.0,,,,0.0,
CARTUCHERA 1,,CARTUCHERA 1,8.0,148.0,850.0,0.0,,,,148.0,
CARTUCHERAS 3D,,CARTUCHERAS 3D,0.0,556.0,2500.0,0.0,,,,556.0,
CEPILLO DE DIENTE,,CEPILLO DE DIENTE,0.0,0.0,400.0,0.0,,,,0.0,
CEPILLO LAVAR,,CEPILLO LAVAR,0.0,170.0,600.0,0.0,,,,170.0,
CEPILLO NIÑA,,CEPILLO NIÑA,0.0,0.0,360.0,0.0,,Pelo,,0.0,
CESTOS,,CESTOS,0.0,302.0,1500.0,0.0,,,,302.0,
CHANCLETAS DE H (DANIEL),,CHANCLETAS DE H (DANIEL),0.0,0.0,2000.0,0.0,,,,0.0,
CHANCLETAS DE M,,CHANCLETAS DE M,0.0,0.0,3000.0,0.0,,,,0.0,
CHANCLETAS DE NIÑO,,CHANCLETAS DE NIÑO,0.0,0.0,600.0,0.0,,,,0.0,
CHAPITAS MANGA,,CHAPITAS MANGA,0.0,0.0,400.0,0.0,,,,0.0,
,,CINTA ADVERTENCIA,0.0,0.0,2300.0,0.0,,,,0.0,
,,CINTA CABEZA,0.0,0.0,1200.0,0.0,,,,0.0,
CINTA PELO CHICA,,CINTA PELO G.,7.0,74.0,1600.0,0.0,,,,74.0,
CINTA PELO GRAND,,CINTA PELO GRAND,9.0,93.0,650.0,0.0,,,,93.0,
,,CINTA PELO MEDIANA,11.0,0.0,550.0,0.0,,,,0.0,
,,CINTILLO 1,6.0,0.0,750.0,0.0,,,,0.0,
,,CINTILLO 4,3.0,0.0,1000.0,0.0,,,,0.0,
,,CINTILLO 5,9.0,0.0,1500.0,0.0,,,,0.0,
,,CINTILLO 6,1.0,0.0,1200.0,0.0,,,,0.0,
,,CINTILLO 7,8.0,0.0,2000.0,0.0,,,,0.0,
,,CINTILLO REBAJA,0.0,0.0,500.0,0.0,,,,0.0,
CINTILLOS 2,,CINTILLOS 2,8.0,0.0,600.0,0.0,,,,0.0,
CINTILLOS 3,,CINTILLOS 3,16.0,0.0,950.0,0.0,,,,0.0,
CINTILLOS HOLLOWEEN,,CINTILLOS HOLLOWEEN,0.0,0.0,550.0,0.0,,,,0.0,
CINTILLOS MAQUILLAJE,,CINTILLOS MAQUILLAJE,3.0,0.0,1500.0,0.0,,,,0.0,
CINTILLOS NAV,,CINTILLOS NAV,5.0,0.0,1000.0,0.0,,,,0.0,
,,CINTO MUJER,5.0,0.0,2000.0,0.0,,,,0.0,
COLADERA CHICA,,COLADERA CHICA,1.0,300.0,650.0,0.0,,,,300.0,
COLADERA GRANDE,,COLADERA GRANDE,1.0,300.0,1800.0,0.0,,,,225.0,
COLADERA MED,,COLADERA MED,0.0,300.0,1200.0,0.0,,,,262.5,
COLGANTE CELULAR,,COLGANTE CELULAR,5.0,0.0,500.0,0.0,,,,0.0,
,,COLLAR MASCOTA,6.0,0.0,1100.0,0.0,,,,0.0,
COLLAR PERRO,,COLLAR PERRO,0.0,183.0,600.0,0.0,,,,183.0,
COLLAR PERRO CHICO,,COLLAR PERRO CHICO,0.0,400.0,1500.0,0.0,,,,400.0,
COLLAR PERRO GRANDE,,COLLAR PERRO GRANDE,0.0,600.0,1950.0,0.0,,,,600.0,
COMPACTO,,COMPACTOS,3.0,866.0,1500.0,1.0,,,,866.0,
CONDONES,,CONDONES,0.0,0.0,60.0,0.0,,,,0.0,
CONTADOR DE BILLETE,,CONTADOR DE BILLETE,0.0,0.0,15000.0,0.0,,,,0.0,
,,COQUITOS 2,0.0,0.0,500.0,0.0,,,,0.0,
CORPIÑO DE NIÑA,,CORPIÑO DE NIÑA,0.0,0.0,500.0,0.0,,,,0.0,
CORRECTOR DE PLUMA,,CORRECTOR DE PLUMA,0.0,0.0,300.0,0.0,,,,0.0,
CORRECTOR OJERA CHICO,,CORRECTOR OJERA CHICO,9.0,176.0,850.0,0.0,,,,176.0,
CORRECTOR OJERA GRAND,,CORRECTOR OJERA GRAND,14.0,232.0,1300.0,0.0,,,,232.0,
,,CORRECTOR OJERA MED,0.0,0.0,650.0,0.0,,,,0.0,
CORRECTOR OJERA MINI,,CORRECTOR OJERA MINI,0.0,0.0,550.0,0.0,,,,0.0,
CORTAUÑAS,,CORTAUÑAS,0.0,50.0,400.0,0.0,,,,50.0,
CORTINA DE BAÑO,,CORTINA DE BAÑO,0.0,0.0,2100.0,0.0,,,,0.0,
,,COSMETIQUERA CHICA,4.0,0.0,1100.0,0.0,,,,0.0,
,,COSMETIQUERA GRANDE,6.0,0.0,5500.0,0.0,,,,0.0,
,,COSMETIQUERA MEDIANA,3.0,0.0,2200.0,0.0,,,,0.0,
,,COSMETIQUERAS 1,1.0,0.0,2000.0,0.0,,,,0.0,
,,COSMETIQUERAS 2,2.0,0.0,3500.0,0.0,,,,0.0,
CREMA BLANQUEADORA,,CREMA BLANQUEADORA,0.0,390.0,1500.0,0.0,,,,390.0,
CREMA FACIAL,,CREMA FACIAL,0.0,645.0,2500.0,0.0,,,,645.0,
CREMA FACIAL ACLARANTE,,CREMA FACIAL ACLARANTE,0.0,0.0,2500.0,0.0,,,,0.0,
,,CREMA FACIAL CHICA,1.0,0.0,2000.0,0.0,,,,0.0,
CREMA PERFUMADA,,CREMA PERFUMADA,2.0,0.0,1800.0,0.0,,,,0.0,
,,CREMA PIES,1.0,0.0,1500.0,0.0,,,,0.0,
CREYON,,CREYON,5.0,0.0,700.0,0.0,,,,0.0,
CREYON 1,,CREYON 1,21.0,0.0,650.0,0.0,,,,0.0,
,,CREYON 2,6.0,0.0,950.0,0.0,,,,0.0,
,,CREYON 3,3.0,0.0,800.0,0.0,,,,0.0,
,,CREYON 4,9.0,0.0,850.0,0.0,,,,0.0,
,,CREYON DIOR,6.0,0.0,1200.0,0.0,,,,0.0,
CREYON HOLLOWEEN,,CREYON HOLLOWEEN,0.0,0.0,550.0,0.0,,,,0.0,
,,CREYON PERM,5.0,0.0,1200.0,0.0,,,,0.0,
CREYON PERM 2,,CREYON PERM 2,1.0,173.0,750.0,0.0,,,,173.0,
CREYON PERM 3,,CREYON PERM 3,7.0,0.0,800.0,0.0,,,,11.04,
CREYON PERM 4,,CREYON PERM 4,6.0,260.0,900.0,0.0,,,,260.0,
CREYON PERM 5,,CREYON PERM 5,30.0,0.0,700.0,0.0,,,,0.0,
CREYON PERMANENTE,,CREYON PERMANENTE,4.0,0.0,550.0,3.0,,,,0.0,
,,CREYON PERMANENTE DIOR,12.0,0.0,1200.0,0.0,,,,0.0,
,,CREYON PERMANENTE DIOR 1,5.0,0.0,1500.0,0.0,,,,0.0,
CREYON PERMANENTE DOBLE,,CREYON PERMANENTE DOBLE,18.0,163.0,950.0,0.0,,,,163.0,
,,CREYON REBAJA,5.0,0.0,150.0,0.0,,,,0.0,
,,CUADRITO DIAMANTE,1.0,0.0,1500.0,0.0,,,,0.0,
CUADRO,,CUADRO,0.0,0.0,3000.0,0.0,,,,0.0,
,,CUBITOS,0.0,0.0,800.0,0.0,,,,0.0,
CUBO RUBIK,,CUBO RUBIK,9.0,0.0,3500.0,0.0,,,,0.0,
CUCHILLOS,,CUCHILLOS,1.0,0.0,500.0,0.0,,,,0.0,
CÁPSULA FACIAL,,CÁPSULA FACIAL,4.0,0.0,2300.0,0.0,,,,0.0,
,,CÁPSULAS PELO,2.0,0.0,3200.0,0.0,,,,0.0,
DELINEADOR 1,,DELINEADOR 1,0.0,0.0,450.0,0.0,,,,0.0,
DELINEADOR 2,,DELINEADOR 2,17.0,70.0,650.0,0.0,,,,70.0,
,,DELINEADOR LABIOS,2.0,0.0,400.0,0.0,,,,0.0,
DELINEADOR PLUMÓN,,DELINEADOR PLUMÓN,14.0,0.0,850.0,0.0,,,,0.0,
DELINEADOR PLUMÓN REBAJA,,DELINEADOR PLUMÓN REBAJA,0.0,0.0,200.0,0.0,,,,0.0,
DEMON,,DEMON,0.0,0.0,4200.0,0.0,,,,0.0,
DETALLES DE UÑAS,,DETALLES DE UÑAS,0.0,0.0,600.0,0.0,,,,0.0,
DIJE,,DIJE,0.0,0.0,850.0,0.0,,Acero,,0.0,
,,DIJE MOVIL,24.0,0.0,600.0,0.0,,,,0.0,
DUENDES NAV,,DUENDES NAV,0.0,0.0,6300.0,0.0,,,,0.0,
,,ENCENDEDORES,0.0,0.0,350.0,0.0,,,,0.0,
ENGUATADAS DE H,,ENGUATADAS DE H,0.0,0.0,2500.0,0.0,,,,0.0,
ESCLAVA,,ESCLAVA,3.0,535.0,2000.0,0.0,,,,535.0,
,,ESCLAVA REBAJA,0.0,0.0,500.0,0.0,,,,0.0,
ESCOBAS,,ESCOBAS,0.0,0.0,950.0,0.0,,,,0.0,
ESENCIAS,,ESENCIAS,0.0,0.0,340.0,0.0,,,,0.0,
,,ESPEJO CEJAS,0.0,0.0,650.0,0.0,,,,0.0,
ESPEJUELOS GRADUADOS 1,,ESPEJUELOS GRADUADOS 1,0.0,0.0,1800.0,0.0,,,,0.0,
ESPEJUELOS GRADUADOS 2,,ESPEJUELOS GRADUADOS 2,214.0,0.0,3000.0,0.0,,,,0.0,
,,ESPEJUELOS TRANSPARENTES,11.0,0.0,2500.0,0.0,,,,0.0,
ESPONJA ALUMINIO,,ESPONJA ALUMINIO,5.0,62.5,250.0,0.0,,,,62.5,
ESPONJA BAÑO,,ESPONJA BAÑO,0.0,144.0,500.0,0.0,,,,144.0,
ESPONJAS DE FREGAR,,ESPONJAS DE FREGAR,0.0,0.0,200.0,0.0,,,,0.0,
ESPONJAS DE MAQUILLAJE,,ESPONJAS DE MAQUILLAJE,0.0,0.0,250.0,0.0,,,,0.0,
ESPONJITA,,ESPONJITA,0.0,0.0,400.0,0.0,,,,0.0,
,,ESQUELETOS,0.0,0.0,3500.0,0.0,,,,0.0,
ESTUCHE DE MAQUILLAJE GRANDE,,ESTUCHE DE MAQUILLAJE GRANDE,0.0,0.0,950.0,0.0,,,,0.0,
,,ESTUCHE ESPEJUELOS,3.0,0.0,1500.0,0.0,,,,0.0,
ESTUCHE MAQUILLAJE CHICO,,ESTUCHE MAQUILLAJE CHICO,0.0,0.0,1200.0,0.0,,,,0.0,
ESTUCHE MAQUILLAJE MINI,,ESTUCHE MAQUILLAJE MINI,0.0,0.0,400.0,0.0,,,,0.0,
EXFOLIANTE,,EXFOLIANTE,0.0,0.0,1500.0,0.0,,,,0.0,
FAJAS,,FAJAS,2.0,0.0,3500.0,0.0,,,,0.0,
,,FAROLAS H.,0.0,0.0,2300.0,0.0,,,,0.0,
,,FELPA DETALLE,5.0,0.0,750.0,0.0,,,,0.0,
,,FELPA FLOR 1,2.0,0.0,550.0,0.0,,,,0.0,
,,FELPA FLOR 2,2.0,0.0,750.0,0.0,,,,0.0,
,,FELPA FLOR 3,7.0,0.0,950.0,0.0,,,,0.0,
FELPA LAZO 2,,FELPA LAZO 2,4.0,238.0,600.0,0.0,,,,165.0,
,,FELPA LAZO 3,4.0,0.0,850.0,0.0,,,,0.0,
FELPA LAZO 3,,FELPA LAZO 4,3.0,173.0,750.0,0.0,,,,162.19,
,,FELPA LAZO 5,0.0,0.0,1500.0,0.0,,,,0.0,
,,FELPA LAZO 6,0.0,0.0,500.0,0.0,,,,0.0,
,,FELPA OSITO,0.0,0.0,400.0,0.0,,,,0.0,
,,FELPA PLATEADA,17.0,0.0,550.0,0.0,,,,0.0,
,,FELPA SCRUNCH 1,2.0,0.0,350.0,0.0,,,,0.0,
,,FELPA SCRUNCH 2,15.0,0.0,500.0,0.0,,,,0.0,
,,FELPA SCRUNCH 3,5.0,0.0,650.0,0.0,,,,0.0,
FELPAS CHICAS,,FELPAS CHICAS,1.0,55.0,400.0,0.0,,Bolas,,55.0,
FELPAS CHICAS PAR,,FELPAS CHICAS PAR,5.0,152.0,700.0,0.0,,,,152.0,
,,FELPAS DETALLE,0.0,0.0,600.0,0.0,,,,0.0,
FELPAS DONA,,FELPAS DONA,2.0,110.0,650.0,0.0,,,,110.0,
,,FELPAS DORADAS,0.0,0.0,550.0,0.0,,,,0.0,
FELPAS GAMUSA,,FELPAS GAMUSA,0.0,0.0,250.0,0.0,,,,0.0,
FELPAS GRANDES,,FELPAS GRANDES,0.0,0.0,300.0,0.0,,,,0.0,
FELPAS MUÑE,,FELPAS MUÑE,0.0,0.0,650.0,0.0,,Peluza,,0.0,
FELPAS PAR,,FELPAS PAR,1.0,60.0,450.0,0.0,,,,60.0,
FELPAS TRIO,,FELPAS TRIO,0.0,0.0,450.0,0.0,,,,0.0,
FIGURA NARUTO CHICO,,FIGURA NARUTO CHICO,13.0,497.0,2350.0,0.0,,,,171.38,
FIGURA NAV,,FIGURA NAV,0.0,0.0,950.0,0.0,,,,0.0,
,,FIGURAS HARRY POTTER,3.0,0.0,5300.0,0.0,,,,0.0,
,,FIGURAS KITTY,8.0,0.0,2500.0,0.0,,,,0.0,
FIGURAS MANGAS,,FIGURAS MANGAS 1,11.0,0.0,4500.0,0.0,,,,0.0,
FIGURAS MANGAS CHICA,,FIGURAS MANGAS CHICA,26.0,684.0,3500.0,0.0,,,,645.61,
FIGURAS MARIO,,FIGURAS MARIO,2.0,0.0,4100.0,0.0,,,,0.0,
FIGURAS MARIO GRANDE,,FIGURAS MARIO GRANDE,2.0,1042.0,5300.0,0.0,,,,1042.0,
FIGURAS MARVEL CHICA,,FIGURAS MARVEL CHICAS,1.0,0.0,3200.0,0.0,,,,0.0,
FIGURAS MARVEL MEDIANAS,,FIGURAS MARVEL MEDIANAS,3.0,0.0,4500.0,0.0,,,,0.0,
FIGURAS REBAJA,,FIGURAS REBAJA,5.0,0.0,1000.0,0.0,,,,0.0,
FINISH,,FINISH,3.0,0.0,1500.0,0.0,,,,0.0,
,,FORRO ASIENTO MOTO,2.0,0.0,4500.0,0.0,,,,0.0,
FUNKOS CHICOS,,FUNKOS CHICOS,6.0,0.0,2300.0,0.0,,,,0.0,
,,FUNKOS GRANDES,0.0,0.0,2000.0,0.0,,,,0.0,
GAFAS DE ADULTO,,GAFAS DE ADULTO,11.0,0.0,2500.0,0.0,,,,0.0,
GAFAS DE NIÑOS,,GAFAS DE NIÑOS,6.0,0.0,1500.0,0.0,,,,0.0,
,,GAFAS FASHION,2.0,0.0,3800.0,0.0,,,,0.0,
,,GAFAS HALLOWEEN,0.0,0.0,500.0,0.0,,,,0.0,
,,GANCHO COCINA,0.0,0.0,850.0,0.0,,,,0.0,
GANCHO PELO 1,,GANCHO PELO 1,3.0,162.0,600.0,0.0,,,,162.0,
GANCHO PELO 2,,GANCHO PELO 2,7.0,67.0,450.0,0.0,,,,67.0,
GEL FACIAL,,GEL FACIAL,3.0,0.0,1300.0,0.0,,,,0.0,
GIRASOLES,,GIRASOLES,0.0,1000.0,1000.0,0.0,,,,1000.0,
GLOBO 2,,GLOBO 2,0.0,38.0,250.0,0.0,,,,38.0,
GLOBO DETALLE,,GLOBO DETALLE,0.0,105.0,600.0,0.0,,,,105.0,
GLOBO INFLABLE,,GLOBO INFLABLE,0.0,515.0,2500.0,0.0,,,,515.0,
GLOBO MINI,,GLOBO MINI,0.0,50.0,300.0,0.0,,,,50.0,
GLOBO NAV,,GLOBO NAV,4.0,0.0,350.0,0.0,,,,0.0,
GLOBOS,,GLOBOS,0.0,0.0,10.0,0.0,,,,0.0,
GLOBOS DE NÚMEROS,,GLOBOS DE NÚMEROS,0.0,0.0,450.0,0.0,,,,0.0,
GOKU 1,,GOKU 1,6.0,0.0,2500.0,0.0,,,,0.0,
GOKU 2,,GOKU 2,1.0,0.0,2150.0,0.0,,,,0.0,
GOKU 3,,GOKU 3,5.0,0.0,3500.0,0.0,,,,0.0,
,,GOMA LOCA,0.0,0.0,150.0,0.0,,,,0.0,
,,GOMA LOCA 2,14.0,0.0,200.0,0.0,,,,0.0,
GOMAS DE BORRAR,,GOMAS DE BORRAR,0.0,0.0,150.0,0.0,,,,0.0,
GOMAS DE BORRAR RETRÁCTIL,,GOMAS DE BORRAR RETRÁCTIL,0.0,0.0,450.0,0.0,,,,0.0,
GOMAS DE PESTAÑAS,,GOMAS DE PESTAÑAS,27.0,0.0,600.0,0.0,,,,0.0,
GORRAS DE H,,GORRAS DE HOMBRE,8.0,889.0,4000.0,0.0,,,,876.85,
GORRAS DE NIÑO,,GORRAS DE NIÑO,4.0,778.0,2800.0,0.0,,,,311.2,
GORRAS MINNIE,,GORRAS MINNIE,0.0,0.0,2200.0,0.0,,,,0.0,
,,GORRO ZATÍN,1.0,0.0,1700.0,0.0,,,,0.0,
GROOTH,,GROOTH,0.0,0.0,38500.0,0.0,,,,0.0,
GUANTES CHIQUITO,,GUANTES CHIQUITO,0.0,0.0,1150.0,0.0,,,,0.0,
GUANTES DE HOMBRE,,GUANTES DE HOMBRE,0.0,0.0,3200.0,0.0,,Motoristas,,0.0,
GUANTES GRANDES,,GUANTES GRANDES,2.0,0.0,1400.0,0.0,,,,0.0,
GUANTES MEDIANOS,,GUANTES MEDIANOS,0.0,0.0,1500.0,0.0,,,,0.0,
GUANTES NAV 3,,GUANTES NAV 3,0.0,0.0,650.0,0.0,,,,0.0,
GUANTES NAV 4,,GUANTES NAV 4,0.0,0.0,950.0,0.0,,,,0.0,
GUANTES NAV ADULTO,,GUANTES NAV ADULTO,0.0,0.0,1200.0,0.0,,,,0.0,
GUANTES NIÑO,,GUANTES NIÑO,2.0,0.0,1150.0,0.0,,,,0.0,
GUIRNALDAS,,GUIRNALDAS,0.0,0.0,600.0,0.0,,,,0.0,
,,HEBILLA DETALLE,10.0,0.0,650.0,0.0,,,,0.0,
HEBILLA LAZO,,HEBILLA LAZO,2.0,240.0,550.0,0.0,,,,240.0,
,,HEBILLA MUÑE,15.0,0.0,850.0,0.0,,,,0.0,
HEBILLA TRÍO,,HEBILLA TRÍO,1.0,152.0,650.0,0.0,,,,152.0,
,,HEBILLAS COLA SIRENA,3.0,0.0,750.0,0.0,,,,0.0,
,,HEBILLAS FLOR,7.0,0.0,750.0,0.0,,,,0.0,
HEBILLAS LAZO,,HEBILLAS LAZO,2.0,152.0,800.0,0.0,,,,152.0,
HEBILLAS 2,,HEBILLAS LAZO 1,7.0,85.0,750.0,0.0,,,,29.57,
,,HEBILLAS MARIPOSA,5.0,0.0,850.0,0.0,,,,0.0,
,,HEBILLAS NIÑA,11.0,0.0,350.0,0.0,,,,0.0,
HEBILLAS 1,,HEBILLAS PAR,6.0,148.0,550.0,0.0,,,,148.0,
,,HEBILLAS PAR FLOR,0.0,0.0,600.0,0.0,,,,0.0,
,,HEBILLAS TIC TAC,4.0,0.0,400.0,0.0,,,,0.0,
HILO DE COCER,,HILO DE COCER,0.0,0.0,500.0,0.0,,,,0.0,
HINCHA LABIO,,HINCHA LABIO,7.0,148.0,650.0,0.0,,,,148.0,
,,HINCHALABIOS 2,2.0,0.0,700.0,0.0,,,,0.0,
,,HINCHALABIOS 3,14.0,0.0,1200.0,0.0,,,,0.0,
HUESO PERRO,,HUESO PERRO,0.0,208.0,600.0,0.0,,,,208.0,
HUEVO,,HUEVO,0.0,0.0,1450.0,0.0,,Muñeco adentro,,0.0,
ILUMINADOR CHICO,,ILUMINADOR CHICO,0.0,0.0,850.0,0.0,,,,0.0,
ILUMINADOR MEDIANO,,ILUMINADOR MEDIANO,1.0,0.0,1750.0,0.0,,,,0.0,
INCIENSO,,INCIENSO,0.0,0.0,450.0,0.0,,,,0.0,
INCIENSOS GRANDES,,INCIENSOS GRANDES,20.0,140.0,650.0,0.0,,,,140.0,
JABAS CHICAS,,JABAS CHICAS,0.0,0.0,400.0,0.0,,,,0.0,
JABAS GRANDES,,JABAS GRANDES,0.0,0.0,500.0,0.0,,,,0.0,
JABONERA,,JABONERA,0.0,200.0,500.0,0.0,,,,200.0,
JOYERO,,JOYERO,0.0,400.0,950.0,0.0,,,,400.0,
,,JUEGO ARETE ANILLO,0.0,0.0,3000.0,0.0,,,,0.0,
JUEGO BOTONES,,JUEGO BOTONES,0.0,0.0,2300.0,0.0,,,,0.0,
,,JUEGO COSMETIQUERA,0.0,0.0,3500.0,0.0,,,,0.0,
JUEGO CUCHARONES,,JUEGO CUCHARONES,0.0,600.0,1800.0,0.0,,,,600.0,
JUEGO DE AGUA,,JUEGO DE AGUA,0.0,0.0,850.0,0.0,,,,0.0,
JUEGO DE BIBERÓN,,JUEGO DE BIBERÓN,0.0,0.0,1600.0,0.0,,,,0.0,
JUEGO DE BROCHA,,JUEGO DE BROCHA,0.0,357.0,1550.0,0.0,,,,357.0,
JUEGO DE BROCHA Y PEINE,,JUEGO DE BROCHA Y PEINE,0.0,0.0,650.0,0.0,,,,0.0,
JUEGO DE DORMIR,,JUEGO DE DORMIR,2.0,0.0,3500.0,0.0,,,,0.0,
JUEGO DE FELPA GRANDE,,JUEGO DE FELPA GRANDE,19.0,0.0,350.0,0.0,,,,0.0,
JUEGO DE LENCERÍA,,JUEGO DE LENCERÍA,0.0,0.0,3800.0,0.0,,,,0.0,
JUEGO DE REGLAS FLEXIBLES,,JUEGO DE REGLAS FLEXIBLES,0.0,0.0,400.0,0.0,,,,0.0,
,,JUEGO ESTRELLAS,1.0,0.0,2800.0,0.0,,,,0.0,
JUEGO FELPA CHICA,,JUEGO FELPA CHICA,0.0,40.0,350.0,0.0,,,,40.0,
JUEGO GLOBOS NAV,,JUEGO GLOBOS NAV,2.0,0.0,1550.0,0.0,,,,0.0,
,,JUEGO LIGA CABLE,4.0,0.0,600.0,0.0,,,,0.0,
JUEGO MANICURE,,JUEGO MANICURE,0.0,123.0,600.0,0.0,,,,123.0,
JUEGO TOTORO,,JUEGO TOTORO,0.0,0.0,4000.0,0.0,,,,0.0,
JUEGO VASO,,JUEGO VASO,0.0,300.0,750.0,0.0,,,,300.0,
,,JUGUETES CUERDA,0.0,0.0,2500.0,0.0,,,,0.0,
KIT 3 ESPONJA,,KIT 3 ESPONJA,4.0,220.0,500.0,0.0,,,,220.0,
KIT AGARRADERA,,KIT AGARRADERA,1.0,230.0,650.0,0.0,,,,230.0,
KIT DE ESPONJAS DE FREGAR,,KIT DE ESPONJAS DE FREGAR,0.0,0.0,890.0,0.0,,,,0.0,
KIT DE ESTROPAJO,,KIT DE ESTROPAJO,0.0,0.0,400.0,0.0,,,,0.0,
KIT ESPONJA ESTROPAJO,,KIT ESPONJA ESTROPAJO,2.0,330.0,750.0,0.0,,,,330.0,
KIT LONCHERAS,,KIT LONCHERAS,0.0,0.0,2500.0,0.0,,,,0.0,
KIT PARA UÑAS,,KIT PARA UÑAS,2.0,0.0,1500.0,0.0,,,,0.0,
KITTY,,KITTY,0.0,3390.0,10000.0,0.0,,,,3390.0,
LAMPARAS,,LAMPARAS,0.0,3390.0,8000.0,0.0,,,,1695.0,
LAMPARAS DINO,,LAMPARAS DINO,0.0,0.0,4250.0,0.0,,,,0.0,
LAMPARAS LUZ,,LAMPARAS LUZ,0.0,0.0,6000.0,0.0,,,,0.0,
LAMPARAS LUZ REBAJA,,LAMPARAS LUZ REBAJA,0.0,0.0,3200.0,0.0,,,,0.0,
LAPICERO 10 COLORES,,LAPICERO 10 COLORES,0.0,0.0,800.0,0.0,,,,0.0,
,,LAPICERO MINI,19.0,0.0,650.0,0.0,,,,0.0,
LAPICEROS DE COLORES,,LAPICERO SIRENA,10.0,0.0,850.0,0.0,,,,0.0,
LAPIZ DE CEJA CHICO,,LAPIZ DE CEJA CHICO,13.0,0.0,400.0,0.0,,,,0.0,
LAPIZ INFINITO,,LAPIZ INFINITO,6.0,0.0,200.0,0.0,,,,0.0,
LAZOS GRANDES 1,,LAZOS GRANDES 1,0.0,282.0,600.0,0.0,,,,282.0,
LAZOS GRANDES 2,,LAZOS GRANDES 2,0.0,390.0,1300.0,0.0,,,,390.0,
LEGO CARRO,,LEGO CARRO,0.0,0.0,5000.0,0.0,,,,0.0,
LEGO MOCHILA,,LEGO MOCHILA,0.0,1200.0,2500.0,0.0,,,,1200.0,
LEGO MÁGICO,,LEGO MÁGICO,2.0,223.0,2500.0,0.0,,,,203.18,
LEGO MÁGICO CH,,LEGO MÁGICO CH,1.0,0.0,2000.0,0.0,,,,0.0,
LEGOS,,LEGOS,53.0,556.0,1200.0,0.0,,,,519.54,
LEGOS 2,,LEGOS 2,102.0,667.0,1500.0,0.0,,,,651.56,
LEGOS FUNKO,,LEGOS FUNKO,0.0,0.0,1500.0,0.0,,,,0.0,
LEGOS NUEVOS,,LEGOS NUEVOS,1.0,0.0,850.0,0.0,,,,0.0,
LENTES,,LENTES,6.0,482.0,3300.0,0.0,,,,482.0,
LICRAS 1,,LICRAS 1,0.0,0.0,1500.0,0.0,,,,0.0,
LICRAS 2,,LICRAS 2,0.0,0.0,2500.0,0.0,,,,0.0,
,,LICRAS FAJA,6.0,0.0,4200.0,0.0,,,,0.0,
LIGA CABLE,,LIGA CABLE,7.0,28.0,100.0,0.0,,,,28.0,
,,LIGA DETALLE,9.0,0.0,350.0,0.0,,,,0.0,
LIGA CABLE PQTE,,LIGA DETALLE 1,11.0,140.0,500.0,0.0,,,,140.0,
LIGAS DE CABLES,,LIGAS DE CABLES,0.0,0.0,200.0,0.0,,,,0.0,
LIGAS SILICONA 1,,LIGAS SILICONA 1,0.0,74.0,600.0,0.0,,,,68.31,
LIGAS SILICONA 2,,LIGAS SILICONA 2,11.0,0.0,700.0,0.0,,,,0.0,
LIGAS SURTIDA,,LIGAS SURTIDA,4.0,185.0,800.0,0.0,,,,181.12,
LIMA DE UÑA,,LIMA DE UÑA,0.0,0.0,150.0,0.0,,,,0.0,
LLAVERO 4,,LLAVERO 4,5.0,556.0,1950.0,0.0,,,,556.0,
,,LLAVERO CUBO RUBIK,0.0,0.0,350.0,0.0,,,,0.0,
LLAVERO ESPONJA,,LLAVERO ESPONJA,0.0,0.0,1200.0,0.0,,,,0.0,
LLAVERO FASHION,,LLAVERO FASHION 1,18.0,133.0,2000.0,0.0,,,,133.0,
,,LLAVERO FASHION 2,3.0,0.0,1500.0,0.0,,,,0.0,
LLAVERO 1,,LLAVERO FIGURA,35.0,282.0,650.0,0.0,,,,282.0,
,,LLAVERO LETRA,2.0,0.0,350.0,0.0,,,,0.0,
LLAVERO LINTERNA,,LLAVERO LINTERNA,6.0,185.0,700.0,0.0,,,,185.0,
LLAVERO 3,,LLAVERO MINI STICH,15.0,390.0,500.0,1.0,,,,390.0,
LLAVERO MONEDERO 1,,LLAVERO MONEDERO 1,0.0,195.0,650.0,0.0,,,,195.0,
LLAVERO MONEDERO,,LLAVERO MONEDERO 2,0.0,0.0,750.0,0.0,,,,0.0,
,,LLAVERO MONEDERO 4,40.0,0.0,900.0,0.0,,,,0.0,
,,LLAVERO MONEDERO 6,5.0,0.0,950.0,0.0,,,,0.0,
,,LLAVERO MONEDERO BUBU,1.0,0.0,1300.0,0.0,,,,0.0,
LLAVERO MONEDERO 3,,LLAVERO MONEDERO REBAJA,0.0,0.0,400.0,0.0,,,,0.0,
,,LLAVERO MUÑE,5.0,0.0,1100.0,0.0,,,,0.0,
,,LLAVERO OJO TURCO,8.0,0.0,750.0,0.0,,,,0.0,
LLAVERO ORUGA,,LLAVERO ORUGA,5.0,0.0,850.0,0.0,,,,0.0,
LLAVERO POMPÓN,,LLAVERO POMPÓN,3.0,0.0,850.0,0.0,,,,0.0,
,,LLAVERO POMPÓN 1,6.0,0.0,950.0,0.0,,,,0.0,
,,LLAVERO POMPÓN 2,6.0,0.0,1050.0,0.0,,,,0.0,
,,LLAVERO REBAJA,0.0,0.0,250.0,0.0,,,,0.0,
LLAVERO REBAJA,,LLAVERO REBAJA 1,0.0,0.0,350.0,2.0,,,,0.0,
,,LLAVERO REBAJA 2,1.0,0.0,500.0,0.0,,,,0.0,
LLAVEROS FIGURA,,LLAVEROS  FIGURA,0.0,130.0,650.0,0.0,,,,130.0,
LLAVEROS CON DETALLE,,LLAVEROS CON DETALLE,0.0,0.0,350.0,0.0,,,,0.0,
LLAVEROS CON FIGURA,,LLAVEROS CON FIGURA,27.0,267.0,1200.0,0.0,,,,267.0,
LOL,,LOL,0.0,2606.0,4500.0,0.0,,,,2606.0,
,,LONCHERAS,3.0,0.0,4000.0,0.0,,,,0.0,
LUCES BOMBILLO CHICO,,LUCES BOMBILLO CHICO,0.0,0.0,6500.0,0.0,,,,0.0,
LUCES BOMBILLO GRANDE,,LUCES BOMBILLO GRANDE,0.0,0.0,12000.0,0.0,,,,0.0,
LUCES DE NAVIDAD,,LUCES DE NAVIDAD,6.0,0.0,5000.0,0.0,,,,0.0,
LUCES EXTERIOR,,LUCES EXTERIOR,0.0,0.0,14000.0,0.0,,,,0.0,
LUCES NAV CORTINA,,LUCES NAV CORTINA,0.0,0.0,7500.0,0.0,,,,0.0,
LUZ LED,,LUZ LED,0.0,2800.0,10000.0,0.0,,,,2800.0,
LUZ NAV 1,,LUZ NAV 1,0.0,0.0,5000.0,0.0,,,,0.0,
LUZ NAV 2,,LUZ NAV 2,0.0,0.0,5500.0,0.0,,,,0.0,
LUZ NAV 3,,LUZ NAV 3,0.0,0.0,6500.0,0.0,,,,0.0,
LÁPIZ DE DIBUJO,,LÁPIZ DE DIBUJO,9.0,0.0,50.0,0.0,,,,0.0,
MACETAS GRANDES,,MACETAS GRANDES,0.0,714.0,2950.0,0.0,,,,714.0,
MACETAS MED,,MACETAS MED,0.0,445.0,1800.0,0.0,,,,445.0,
MACETAS MINI,,MACETAS MINI 1,2.0,0.0,1000.0,0.0,,,,0.0,
,,MACETAS MINI 2,0.0,0.0,2000.0,0.0,,,,0.0,
MACETAS SÚPER GRANDE,,MACETAS SÚPER GRANDE,0.0,0.0,1200.0,0.0,,,,0.0,
,,MANILLA 5,0.0,0.0,3000.0,0.0,,,,0.0,
,,MANILLA REBAJA,0.0,0.0,1500.0,0.0,,,,0.0,
MANILLAS 1,,MANILLAS 1,3.0,0.0,850.0,0.0,,,,0.0,
MANILLAS 2,,MANILLAS 2,2.0,0.0,1800.0,0.0,,,,0.0,
MANILLAS 3,,MANILLAS 3,0.0,586.0,2500.0,0.0,,,,577.97,
MANILLAS 4,,MANILLAS 4,0.0,0.0,500.0,0.0,,,,0.0,
MANILLAS ANTIMOSQUITOS,,MANILLAS ANTIMOSQUITOS,0.0,0.0,600.0,0.0,,,,0.0,
MARBELLINE,,MARBELLINE 1,6.0,167.0,650.0,0.0,,,,167.0,
,,MARBELLINE 2,8.0,0.0,1100.0,0.0,,,,0.0,
MARBELLINE DOBLE,,MARBELLINE DOBLE,0.0,0.0,850.0,0.0,,,,0.0,
MARCADOR PERMANENTE,,MARCADOR PERMANENTE,0.0,50.0,350.0,0.0,,,,50.0,
MASCARILLA FACIAL,,MASCARILLA FACIAL,36.0,134.0,550.0,0.0,,,,134.0,
MASCARILLA FACIAL 1,,MASCARILLA FACIAL 1,2.0,0.0,650.0,0.0,,,,0.0,
MASCARILLA LABIOS,,MASCARILLA LABIOS,9.0,111.0,450.0,0.0,,,,111.0,
MASCARILLA NARIZ,,MASCARILLA NARIZ,0.0,0.0,450.0,0.0,,,,0.0,
MASCARILLA OJOS,,MASCARILLA OJOS,9.0,45.0,450.0,0.0,,,,45.0,
MEDIAS DE NAVIDAD,,MEDIAS DE NAVIDAD,6.0,0.0,650.0,0.0,,,,0.0,
,,MEDIAS ESCUELA,13.0,0.0,850.0,0.0,,,,0.0,
,,MEDIAS ESCUELA 2,6.0,0.0,1000.0,0.0,,,,0.0,
,,MEDIAS KUROMI,0.0,0.0,950.0,0.0,,,,0.0,
,,MEDIAS MARCA,18.0,0.0,1300.0,0.0,,,,0.0,
MEDIAS MUÑE,,MEDIAS MUÑE,5.0,0.0,550.0,0.0,,,,0.0,
,,MEDIAS MUÑE 2,2.0,0.0,650.0,0.0,,,,0.0,
,,MEDIAS MUÑE 3,9.0,0.0,850.0,0.0,,,,0.0,
,,MEDIAS MUÑE 4,3.0,0.0,950.0,0.0,,,,0.0,
MEDIAS NIKE CORTAS,,MEDIAS NIKE CORTAS,0.0,260.0,950.0,0.0,,,,260.0,
MEDIAS NIKE LARGAS,,MEDIAS NIKE LARGAS,0.0,282.0,950.0,0.0,,,,282.0,
MEDIAS SIMPLES,,MEDIAS SIMPLES,15.0,217.0,750.0,0.0,,,,217.0,
MEDIAS STICH,,MEDIAS STICH,0.0,282.0,750.0,0.0,,,,282.0,
MEDIDOR,,MEDIDOR,0.0,0.0,2000.0,0.0,,,,0.0,
MERENDEROS (DANIEL),,MERENDEROS (DANIEL),0.0,0.0,4000.0,0.0,,,,0.0,
MERENDEROS,,MERENDEROS 1,0.0,800.0,3800.0,0.0,,,,769.28,
,,MERENDEROS 2,0.0,0.0,5500.0,0.0,,,,0.0,
MINAS 1,,MINAS 1,8.0,0.0,200.0,0.0,,,,0.0,
MINAS 2,,MINAS 2,0.0,0.0,700.0,0.0,,,,0.0,
MOCHILA 2,,MOCHILA 2,0.0,0.0,7500.0,0.0,,,,0.0,
MOCHILA DE SALIR,,MOCHILA DE SALIR,8.0,0.0,12000.0,0.0,,,,0.0,
,,MOCHILA NIÑO,1.0,0.0,7500.0,0.0,,,,0.0,
,,MOCHILA PELUCHE,0.0,0.0,4700.0,0.0,,,,0.0,
,,MOCHILA SALIR 2,0.0,0.0,10000.0,0.0,,,,0.0,
,,MOCHILA SIRENA,0.0,0.0,9500.0,0.0,,,,0.0,
,,MOCHILA UNICORNIO,0.0,0.0,6500.0,0.0,,,,0.0,
MOCHILAS COMBO,,MOCHILAS COMBO,0.0,0.0,5500.0,0.0,,,,0.0,
MOCHILAS COMBO LUZ,,MOCHILAS COMBO LUZ,0.0,0.0,9750.0,0.0,,,,0.0,
MOCHILAS DE MUJER,,MOCHILAS DE MUJER,0.0,0.0,12000.0,0.0,,,,0.0,
MONEDERO 1,,MONEDERO 1,3.0,2667.0,8000.0,0.0,,,,2667.0,
MONEDERO 10,,MONEDERO 10,0.0,2475.0,7600.0,0.0,,,,2475.0,
MONEDERO 11,,MONEDERO 11,0.0,2215.0,7000.0,0.0,,,,2215.0,
,,MONEDERO 12,3.0,0.0,4200.0,0.0,,,,0.0,
,,MONEDERO 13,1.0,0.0,3500.0,0.0,,,,0.0,
MONEDERO 2,,MONEDERO 2,0.0,1070.0,5500.0,0.0,,,,1055.14,
MONEDERO 3,,MONEDERO 3,2.0,1693.0,6000.0,0.0,,,,1693.0,
MONEDERO 4,,MONEDERO 4,0.0,1428.0,6800.0,0.0,,,,714.0,
MONEDERO 5,,MONEDERO 5,1.0,714.0,5300.0,0.0,,,,639.62,
MONEDERO 6,,MONEDERO 6,3.0,1250.0,6500.0,0.0,,,,1250.0,
MONEDERO 7,,MONEDERO 7,0.0,0.0,8200.0,0.0,,,,0.0,
,,MONEDERO 8,7.0,0.0,4500.0,0.0,,,,0.0,
MONEDERO CARTERITA,,MONEDERO CARTERITA,4.0,2300.0,6500.0,0.0,,,,1698.29,
MONEDERO CARTERITA 2,,MONEDERO CARTERITA 2,0.0,0.0,6000.0,0.0,,,,0.0,
MONO PANTALÓN DE HOMBRE,,MONO PANTALÓN DE HOMBRE,0.0,890.0,4900.0,0.0,,,,890.0,
MONOPANTALON,,MONOPANTALON,2.0,0.0,3800.0,0.0,,,,0.0,
MOUSE,,MOUSE,0.0,0.0,5000.0,0.0,,,,0.0,
,,MOÑO CORTO,3.0,0.0,2500.0,0.0,,,,0.0,
,,MOÑO LARGO,3.0,0.0,5000.0,0.0,,,,0.0,
MOÑO LAZO,,MOÑO LAZO,0.0,35.0,200.0,0.0,,,,35.0,
MUÑECAS MINI,,MUÑECAS MINI,0.0,0.0,850.0,0.0,,,,0.0,
,,MUÑECO ARENA,0.0,0.0,1200.0,0.0,,,,0.0,
MUÑECO DE NIEVE,,MUÑECO DE NIEVE,0.0,0.0,4000.0,0.0,,,,0.0,
MUÑECO NAV 1,,MUÑECO NAV 1,0.0,0.0,4500.0,0.0,,,,0.0,
MUÑECO NAV 2,,MUÑECO NAV 2,1.0,0.0,6300.0,0.0,,,,0.0,
,,MUÑECO SALTARIN,0.0,0.0,3000.0,0.0,,,,0.0,
MUÑECO SANTA,,MUÑECO SANTA,0.0,0.0,4750.0,0.0,,,,0.0,
MUÑECO SILICONA,,MUÑECO SILICONA,0.0,370.0,1350.0,0.0,,,,370.0,
MUÑEQUERAS,,MUÑEQUERAS,0.0,0.0,1700.0,0.0,,,,0.0,
NAILON REGALO 1,,NAILON REGALO 1,0.0,28.0,150.0,0.0,,,,28.0,
NAILON REGALO 2,,NAILON REGALO 2,0.0,0.0,250.0,0.0,,,,0.0,
NARUTO MED,,NARUTO MED,0.0,497.0,3500.0,0.0,,,,497.0,
NASO NIÑA,,NASO NIÑA,0.0,0.0,50.0,0.0,,,,0.0,
NEZUKO,,NEZUKO,0.0,2180.0,8000.0,0.0,,,,2180.0,
,,OJOS HALLOWEEN,0.0,0.0,200.0,0.0,,,,0.0,
ONE PIECE CHICO,,ONE PIECE CHICO,10.0,752.0,2750.0,0.0,,,,752.0,
ONE PIECE GRANDE,,ONE PIECE GRANDE,2.0,1746.0,5300.0,0.0,,,,1746.0,
,,ONE PIECE MEDIANO,2.0,0.0,4500.0,0.0,,,,0.0,
ORGANIZADORES,,ORGANIZADORES,1.0,270.0,950.0,0.0,,,,270.0,
,,OSITO DECORACIÓN,0.0,0.0,300.0,0.0,,,,0.0,
OSITOS LUZ,,OSITOS LUZ,0.0,223.0,300.0,0.0,,,,223.0,
OSO,,OSO,0.0,2500.0,10000.0,0.0,,,,2500.0,
PACHANGAS,,PACHANGAS,0.0,0.0,3800.0,0.0,,,,0.0,
PALITO DE TENDER,,PALITO DE TENDER,0.0,0.0,1500.0,0.0,,,,0.0,
,,PAMELAS,0.0,0.0,4500.0,0.0,,,,0.0,
PANDORA,,PANDORA 1,3.0,0.0,3200.0,0.0,,,,0.0,
PANDORA 1.1,,PANDORA 1.1,0.0,150.0,2300.0,0.0,,,,150.0,
PANDORA 2,,PANDORA 2,0.0,570.0,2800.0,0.0,,,,148.7,
PANDORA PULSO,,PANDORA PULSO,0.0,120.0,600.0,0.0,,,,120.0,
PANEL SOLAR,,PANEL SOLAR,0.0,0.0,2150.0,0.0,,,,0.0,
PANTYS,,PANTYS,0.0,434.0,1800.0,0.0,,,,419.53,
PAQUETE  PELLIZCO,,PAQUETE  PELLIZCO HEBILLA,0.0,0.0,750.0,0.0,,,,0.0,
,,PAQUETE BOLA NAV,1.0,74.0,3000.0,0.0,,,,74.0,
,,PAQUETE BOLA NAV 1,10.0,282.0,1800.0,0.0,,,,282.0,
PAQUETE FELPA,,PAQUETE FELPA 1,1.0,89.0,600.0,0.0,,,,89.0,
,,PAQUETE FELPA DETALLE,3.0,0.0,650.0,0.0,,,,0.0,
PAQUETE FELPA FLOR,,PAQUETE FELPA FLOR,5.0,0.0,650.0,0.0,,,,0.0,
,,PAQUETE HEBILLA BUBU,6.0,0.0,650.0,0.0,,,,0.0,
,,PAQUETE HEBILLA FELPA STICH,0.0,0.0,1200.0,0.0,,,,0.0,
PAQUETE FELPA SURTIDO,,PAQUETE HEBILLA PELLISQUITO,8.0,0.0,750.0,0.0,,,,0.0,
,,PAQUETE HEBILLA TIC TAC,18.0,0.0,800.0,0.0,,,,0.0,
PAQUETE PIÑA NAV,,PAQUETE PELLIZCO,6.0,0.0,900.0,0.0,,,,0.0,
,,PAQUETE PELLIZCO 1,7.0,0.0,850.0,0.0,,,,0.0,
PAQUETE PELLIZCO 2,,PAQUETE PELLIZCO 2,14.0,0.0,650.0,0.0,,,,0.0,
,,PAQUETE PELLIZCO FELPA,6.0,0.0,1500.0,0.0,,,,0.0,
,,PAQUETE PELLIZCO FELPA 1,6.0,0.0,750.0,0.0,,,,0.0,
,,PAQUETE PELLIZCO HEBILLA,6.0,0.0,900.0,0.0,,,,0.0,
,,PAQUETE PELLIZCO NAV,5.0,0.0,750.0,0.0,,,,0.0,
PAQUETES DE FELPAS,,PAQUETES DE FELPAS,20.0,0.0,650.0,0.0,,,,0.0,
PAQUETICO PELLIZCO,,PAQUETICO PELLIZCO,1.0,95.0,300.0,0.0,,,,95.0,
PAQUETICOS DE FELPAS,,PAQUETICOS DE FELPAS,0.0,0.0,400.0,0.0,,,,0.0,
PAR  ARETES 1,,PAR ARETES 1,5.0,217.0,550.0,0.0,,,,217.0,
PAR ARETES 2,,PAR ARETES 2,0.0,0.0,500.0,0.0,,,,328.3,
PAR ARETES GRANDE,,PAR ARETES GRANDE,0.0,0.0,650.0,0.0,,,,0.0,
PAR DE PEINES,,PAR DE PEINES,0.0,0.0,500.0,0.0,,,,0.0,
PAR DE TIC TAC,,PAR DE TIC TAC,0.0,0.0,100.0,0.0,,,,0.0,
PATICOS,,PATICOS,2.0,65.0,250.0,0.0,,,,65.0,
PAÑO DE COCINA,,PAÑO DE COCINA,0.0,0.0,450.0,0.0,,,,0.0,
PAÑUELO CABEZA,,PAÑUELO CABEZA,0.0,0.0,450.0,0.0,,,,0.0,
,,PAÑUELO PINTA,1.0,0.0,950.0,0.0,,,,0.0,
,,PAÑUELOS CABEZA HOMBRE,0.0,0.0,1500.0,0.0,,,,0.0,
PEACH,,PEACH,0.0,0.0,5000.0,0.0,,,,0.0,
PECHERA PERRO CHICA,,PECHERA PERRO CHICA,0.0,600.0,1500.0,0.0,,,,583.33,
PECHERA PERRO GRANDE,,PECHERA PERRO GRANDE,0.0,700.0,2000.0,0.0,,,,700.0,
,,PECHERA PRO,0.0,0.0,7000.0,0.0,,,,0.0,
,,PECHERA REBAJA,0.0,0.0,2000.0,0.0,,,,0.0,
PECHERAS,,PECHERAS,4.0,1445.0,6800.0,0.0,,,,1445.0,
PEINE MINI,,PEINE MINI,5.0,29.0,500.0,0.0,,,,29.0,
PEINES 1,,PEINES 1,0.0,44.0,350.0,0.0,,,,44.0,
PEINES GRANDES,,PEINES GRANDES,0.0,0.0,450.0,0.0,,,,0.0,
PELLIZCO 1,,PELLIZCO 1,27.0,50.0,1000.0,0.0,,,,14.06,
PELLIZCO 10,,PELLIZCO 10,2.0,0.0,1500.0,0.0,,,,0.0,
,,PELLIZCO 11,45.0,0.0,250.0,0.0,,,,0.0,
,,PELLIZCO 12,18.0,0.0,950.0,0.0,,,,0.0,
PELLIZCO 450,,PELLIZCO 13,0.0,0.0,450.0,0.0,,,,0.0,
PELLIZCO 2,,PELLIZCO 2,41.0,65.0,350.0,0.0,,,,65.02,
PELLIZCO 3,,PELLIZCO 3,21.0,111.0,500.0,0.0,,,,110.95,
PELLIZCO 4,,PELLIZCO 4,22.0,130.0,650.0,0.0,,,,130.0,
PELLIZCO 5,,PELLIZCO 5,21.0,185.0,850.0,0.0,,,,185.09,
PELLIZCO 6,,PELLIZCO 6,11.0,148.0,700.0,0.0,,,,148.0,
PELLIZCO 7,,PELLIZCO 7,13.0,240.0,900.0,0.0,,,,240.0,
PELLIZCO 8,,PELLIZCO 8,13.0,334.0,1200.0,0.0,,,,334.0,
PELLIZCO 9,,PELLIZCO 9,46.0,93.0,400.0,0.0,,,,93.0,
,,PELLIZCO REBAJA 1,0.0,0.0,300.0,0.0,,,,0.0,
,,PELLIZCOS 14,0.0,0.0,550.0,0.0,,,,0.0,
,,PELLIZCOS 15,26.0,0.0,750.0,0.0,,,,0.0,
,,PELLIZCOS REBAJA 2,4.0,0.0,500.0,0.0,,,,0.0,
PELOTA FÚTBOL,,PELOTA FÚTBOL,2.0,1111.0,5000.0,0.0,,,,1111.0,
PELOTA RETORNO,,PELOTA RETORNO,0.0,130.0,500.0,0.0,,,,130.0,
PELOTAS CHICAS,,PELOTAS CHICAS,3.0,667.0,3500.0,0.0,,,,667.0,
PELOTAS GRANDES,,PELOTAS GRANDES,0.0,480.0,2000.0,0.0,,,,480.0,
PELOTAS MED,,PELOTAS MED,10.0,222.0,1000.0,2.0,,,,222.0,
PELOTICAS,,PELOTICAS,0.0,93.0,350.0,0.0,,,,93.0,
PELOTICAS 1,,PELOTICAS 1,3.0,0.0,450.0,0.0,,,,0.0,
PELOTICAS 2,,PELOTICAS 2,11.0,0.0,750.0,0.0,,,,0.0,
PELUCHES,,PELUCHES,1.0,1500.0,3500.0,0.0,,,,1486.53,
PELUCHES GRANDES,,PELUCHES GRANDES,0.0,0.0,5300.0,0.0,,,,0.0,
PELUCHES MEDIANOS,,PELUCHES MEDIANOS,0.0,1500.0,4000.0,0.0,,,,1289.06,
PERFILADOR DE CEJAS,,PERFILADOR DE CEJAS,9.0,32.0,350.0,0.0,,,,32.0,
PERFUME,,PERFUME,0.0,600.0,3000.0,0.0,,,,612.99,
PERFUME DE BOLSO,,PERFUME DE BOLSO,5.0,312.0,1200.0,0.0,,,,312.0,
PERFUME LARGO,,PERFUME LARGO,0.0,315.0,1500.0,0.0,,,,315.0,
PERFUME NIÑO,,PERFUME NIÑO,0.0,0.0,3000.0,0.0,,,,0.0,
PESONERA 1,,PESONERA 1,1.0,0.0,1500.0,0.0,,,,0.0,
,,PESONERA PAR,4.0,0.0,300.0,0.0,,,,0.0,
PESTAÑAS 1,,PESTAÑAS 1,1.0,0.0,450.0,0.0,,,,0.0,
PESTAÑAS 2,,PESTAÑAS 2,8.0,0.0,650.0,0.0,,,,0.0,
,,PESTAÑAS PELO A PELO,0.0,0.0,650.0,0.0,,,,0.0,
PETALOS,,PETALOS,3.0,0.0,250.0,0.0,,,,0.0,
PICO PATO,,PICO PATO,6.0,167.0,800.0,0.0,,,,173.57,
PIERCIENG,,PIERCIENG,35.0,0.0,200.0,0.0,,,,0.0,
PIERCIENG DE NARIZ,,PIERCIENG DE NARIZ,1.0,15.0,350.0,0.0,,,,5.81,
PIERCING DE OREJA,,PIERCING DE OREJA,2.0,0.0,950.0,0.0,,,,0.0,
PIJAMA,,PIJAMA,0.0,0.0,4000.0,0.0,,,,0.0,
,,PIKACHU PELUCHE CHICO,1.0,0.0,13500.0,0.0,,,,0.0,
,,PIKACHU PELUCHE GRANDE,1.0,0.0,21000.0,0.0,,,,0.0,
PILAS 2A,,PILAS 2A,0.0,0.0,300.0,0.0,,Pareja,,0.0,
PILAS 3A,,PILAS 3A,0.0,0.0,300.0,0.0,,,,0.0,
PILAS DE LITIO,,PILAS DE LITIO,0.0,0.0,200.0,0.0,,,,0.0,
PILAS DE RELOJ,,PILAS DE RELOJ,0.0,0.0,100.0,0.0,,,,0.0,
PINBALL,,PINBALL,0.0,0.0,450.0,0.0,,,,0.0,
PINCEL DE CEJA,,PINCEL DE CEJA,5.0,0.0,750.0,0.0,,,,0.0,
PINCEL DE CEJAS,,PINCEL DE CEJAS DOBLE,0.0,0.0,950.0,0.0,,,,0.0,
PINES SAPO,,PINES SAPO,44.0,0.0,300.0,0.0,,,,0.0,
,,PINGÜINO LUZ,0.0,0.0,800.0,0.0,,,,0.0,
,,PINTA PELO,4.0,0.0,1200.0,0.0,,,,0.0,
PINTURA UÑA,,PINTURA UÑA,34.0,0.0,950.0,0.0,,,,0.0,
PINTURA UÑA BISSÚ,,PINTURA UÑA BISSÚ,7.0,0.0,550.0,0.0,,,,0.0,
PINTURA UÑA CHICA,,PINTURA UÑA CHICA,1.0,70.0,500.0,0.0,,,,70.0,
PISTOLA DE AGUA,,PISTOLA DE BURBUJAS,0.0,558.0,2500.0,0.0,,,,558.0,
PLANTILLAS,,PLANTILLAS,13.0,0.0,650.0,0.0,,,,0.0,
,,PLANTILLAS 2,0.0,0.0,850.0,0.0,,,,0.0,
POCHITA,,POCHITA,0.0,0.0,4500.0,0.0,,,,0.0,
POLVO DE CEJAS,,POLVO DE CEJAS,0.0,0.0,550.0,0.0,,,,0.0,
POLVOS TRASLUCIDOS,,POLVOS TRASLUCIDOS,0.0,0.0,2000.0,0.0,,,,0.0,
POMO AGUA,,POMO AGUA,1.0,0.0,7000.0,0.0,,,,0.0,
PORTA PAÑOS,,PORTA PAÑOS,0.0,0.0,800.0,0.0,,,,0.0,
PORTAMINAS,,PORTAMINAS,0.0,0.0,400.0,0.0,,,,0.0,
PORTAPAÑOS 2,,PORTAPAÑOS 2,0.0,450.0,900.0,0.0,,,,450.0,
PORTASERVILLETA,,PORTASERVILLETA,2.0,330.0,500.0,0.0,,,,330.0,
,,POZUELO CHICO,0.0,0.0,850.0,0.0,,,,0.0,
,,POZUELO GRANDE,0.0,0.0,1200.0,0.0,,,,0.0,
,,POZUELO MEDIANO,0.0,0.0,950.0,0.0,,,,0.0,
,,POZUELO MINI,6.0,0.0,500.0,0.0,,,,0.0,
POZUELOS,,POZUELOS,0.0,250.0,650.0,0.0,,,,250.0,
PQTICO HEBILLA,,PQTICO HEBILLA,0.0,110.0,450.0,0.0,,,,110.0,
PRIMER,,PRIMER,6.0,200.0,1600.0,0.0,,,,197.86,
,,PRIMER 1,1.0,0.0,800.0,0.0,,,,0.0,
PROTECTOR SOLAR,,PROTECTOR SOLAR,0.0,266.0,950.0,0.0,,,,266.0,
,,PUERCOS AGUA,0.0,0.0,550.0,0.0,,,,0.0,
PUFF,,PUFF,10.0,0.0,450.0,0.0,,,,0.0,
,,PUFF EXFOLIANTE,0.0,0.0,550.0,0.0,,,,0.0,
,,PULOVER,3.0,0.0,4500.0,0.0,,,,0.0,
PULOVER DE HOMBRE,,PULOVER DE HOMBRE,0.0,0.0,2400.0,0.0,,,,0.0,
PULOVER DE MUJER,,PULOVER DE MUJER 2,0.0,1085.0,2500.0,0.0,,,,921.48,
PULOVER MANGA,,PULOVER MANGA,33.0,0.0,6500.0,0.0,,,,0.0,
,,PULSERA PAREJA,0.0,0.0,1200.0,0.0,,,,0.0,
,,PULSO,20.0,0.0,750.0,0.0,,,,0.0,
,,PULSO TURCO,10.0,0.0,750.0,0.0,,,,0.0,
,,PULSOS CARACOL,24.0,0.0,600.0,0.0,,,,0.0,
,,PULSOS CONJUNTO,1.0,0.0,650.0,0.0,,,,0.0,
,,PULSOS CUERO,11.0,0.0,700.0,0.0,,,,0.0,
HILOS ROJOS,,PULSOS HILOS ROJOS,16.0,130.0,600.0,0.0,,,,130.0,
,,PULSOS NIÑA,7.0,0.0,450.0,0.0,,,,0.0,
,,PULSOS OJO TURCO,0.0,0.0,550.0,0.0,,,,0.0,
,,PULSOS PERLA,13.0,0.0,600.0,0.0,,,,0.0,
PULSOS DE PAREJA,,PULSOS YING YANG,2.0,0.0,650.0,0.0,,,,0.0,
QUITA DUREZA,,QUITA DUREZA,5.0,0.0,950.0,0.0,,,,0.0,
QUITA DUREZA 1,,QUITA DUREZA 1,0.0,104.0,600.0,0.0,,,,104.0,
QUITA PELUSA,,QUITA PELUSA,0.0,0.0,1200.0,0.0,,,,0.0,
RABO GATO,,RABO GATO,0.0,0.0,500.0,0.0,,,,0.0,
,,RABO GATO HALLOWEEN,0.0,0.0,1200.0,0.0,,,,0.0,
RASURADORA,,RASURADORA,0.0,1303.0,4000.0,0.0,,,,1303.0,
RAYADOR,,RAYADOR,0.0,0.0,1500.0,0.0,,,,0.0,
RAYADOR 1,,RAYADOR 1,0.0,250.0,650.0,0.0,,,,250.0,
REDESILLAS,,REDESILLAS,0.0,0.0,400.0,0.0,,,,0.0,
RELOJ DE HOMBRE,,RELOJ DE HOMBRE,0.0,0.0,3500.0,0.0,,,,0.0,
RELOJ DE NIÑO,,RELOJ DE NIÑO,0.0,0.0,3200.0,0.0,,,,0.0,
RESORTE CHICO,,RESORTE CHICO,0.0,0.0,500.0,0.0,,,,0.0,
RESORTE GRANDE,,RESORTE GRANDE,0.0,0.0,600.0,0.0,,,,0.0,
RESORTE MEDIANO,,RESORTE MEDIANO,0.0,0.0,550.0,0.0,,,,0.0,
RESORTE SUPER GRANDE,,RESORTE SUPER GRANDE,0.0,0.0,1000.0,0.0,,,,0.0,
RIZADOR DE PESTAÑAS,,RIZADOR DE PESTAÑAS,8.0,0.0,1200.0,0.0,,,,0.0,
,,RIÑONERA REABAJA,0.0,0.0,3000.0,0.0,,,,0.0,
RIÑONERAS,,RIÑONERAS,1.0,2606.0,7500.0,0.0,,,,2606.0,
RIÑONERAS 2,,RIÑONERAS 2,2.0,1112.0,6000.0,0.0,,,,1112.05,
ROPA ARITA,,ROPA ARITA,0.0,0.0,3500.0,0.0,,,,0.0,
RUBOR,,RUBOR,7.0,0.0,1700.0,0.0,,,,0.0,
SACA PIOJOS,,SACA PIOJOS,8.0,167.0,800.0,0.0,,,,167.0,
SALVAVIDA,,SALVAVIDA,0.0,521.0,2500.0,0.0,,,,521.0,
SANDALIA DE H,,SANDALIA DE H,0.0,0.0,4500.0,1.0,,,,0.0,
SANDALIA MUJER 1,,SANDALIA MUJER 1,0.0,0.0,2500.0,0.0,,,,0.0,
SANDALIA MUJER 2,,SANDALIA MUJER 2,0.0,0.0,3000.0,0.0,,,,0.0,
SANDALIA SAPITO ADULTO,,SANDALIA SAPITO ADULTO,0.0,0.0,4000.0,0.0,,,,0.0,
SANDALIA SAPITO NIÑO,,SANDALIA SAPITO NIÑO,0.0,0.0,3500.0,0.0,,,,0.0,
SANTAS,,SANTAS,2.0,0.0,3200.0,0.0,,,,0.0,
SAPITO FASHION,,SAPITO FASHION,0.0,1750.0,5500.0,0.0,,,,1750.0,
SAPITO NIÑO,,SAPITO NIÑO,1.0,0.0,950.0,0.0,,,,0.0,
SAPO ADULTO,,SAPO ADULTO,0.0,2100.0,4500.0,0.0,,,,2100.0,
SAPO NIÑO,,SAPO NIÑO,0.0,0.0,3500.0,0.0,,,,0.0,
SERUM,,SERUM,0.0,378.0,2000.0,0.0,,,,385.8,
SET GLOBO CHICO,,SET GLOBO CHICO,0.0,261.0,1300.0,0.0,,,,261.0,
,,SHORTS,2.0,0.0,3500.0,0.0,,,,0.0,
SILICONA,,SILICONA,0.0,0.0,650.0,0.0,,,,0.0,
SLIME CHICO,,SLIME CHICO,11.0,0.0,1000.0,0.0,,,,0.0,
,,SLIME GRANDE,4.0,0.0,2200.0,0.0,,,,0.0,
SOMBRA 2,,SOMBRA 2,3.0,372.0,2300.0,0.0,,,,372.0,
SOMBRA CHICA,,SOMBRA CHICA,0.0,145.0,950.0,0.0,,,,145.0,
,,SOMBRA COMPACTO,2.0,0.0,3200.0,0.0,,,,0.0,
,,SOMBRA MAQ 3,1.0,0.0,2500.0,0.0,,,,0.0,
,,SOMBRA MAQ 4,0.0,0.0,3000.0,0.0,,,,0.0,
,,SOMBRA MAQ 5,2.0,0.0,2000.0,0.0,,,,0.0,
,,SOMBRA MAQUILLAJE REBAJA,0.0,0.0,800.0,0.0,,,,0.0,
SOMBRAS DE MAQ,,SOMBRAS DE MAQ,0.0,0.0,1550.0,0.0,,,,0.0,
SOMBRAS DE MAQUILLAJE,,SOMBRAS DE MAQUILLAJE,0.0,434.0,1800.0,0.0,,,,400.67,
SOMBRAS MEDIANAS,,SOMBRAS MEDIANAS,0.0,369.0,1400.0,0.0,,,,369.0,
,,SONAJERO,0.0,0.0,4000.0,0.0,,,,0.0,
,,SPINERS,8.0,0.0,850.0,0.0,,,,0.0,
MOCO SLIME,,SQUICHI,7.0,0.0,1300.0,0.0,,,,0.0,
STICH CHICO,,STICH PELUCHE CHICO,1.0,2000.0,13500.0,0.0,,,,2000.0,
STICH GRANDE,,STICH PELUCHE GRANDE,0.0,3928.0,21000.0,0.0,,,,3928.0,
STICH MED,,STICH PELUCHE MED,1.0,2678.0,17500.0,0.0,,,,2678.0,
TABLETAS MAGICAS,,TABLETAS MAGICAS,0.0,0.0,2500.0,0.0,,,,0.0,
TANJIRO,,TANJIRO,0.0,5500.0,12000.0,0.0,,,,5500.0,
TARJETA REGALO GRANDE,,TARJETA REGALO GRANDE,0.0,0.0,300.0,0.0,,,,0.0,
TARJETA REGALO MED,,TARJETA REGALO MED,0.0,0.0,200.0,0.0,,,,0.0,
TARJETERO,,TARJETERO,0.0,0.0,500.0,0.0,,,,0.0,
,,TELA ARAÑAS,0.0,0.0,2300.0,0.0,,,,0.0,
TENIS 1,,TENIS 1,3.0,0.0,5500.0,0.0,,,,0.0,
TENIS 2,,TENIS 2,0.0,0.0,12200.0,0.0,,,,0.0,
TENIS DE NIÑO,,TENIS DE NIÑO,0.0,0.0,6000.0,0.0,,,,0.0,
TENIS DE SACO,,TENIS DE SACO,0.0,0.0,2500.0,0.0,,,,0.0,
TENIS SAPITO,,TENIS SAPITO,0.0,1500.0,2500.0,0.0,,,,1500.0,
,,TIRANTE ESPEJUELOS,6.0,0.0,1500.0,0.0,,,,0.0,
TIRANTE SILICONA,,TIRANTE SILICONA,0.0,74.0,450.0,0.0,,,,74.0,
TOALLITA COCINA 2,,TOALLITA COCINA 2,0.0,214.0,1200.0,0.0,,,,214.0,
TOALLITAS DE COCINA,,TOALLITAS DE COCINA,15.0,0.0,350.0,0.0,,,,0.0,
,,TOBILLERA 1,2.0,0.0,1500.0,0.0,,,,0.0,
TOBILLERA,,TOBILLERA 2,3.0,586.0,2500.0,0.0,,,,586.0,
,,TOBILLERA 3,1.0,0.0,3500.0,0.0,,,,0.0,
,,TONICO CORPORAL,4.0,0.0,2500.0,0.0,,,,0.0,
,,TOP MUJER,6.0,0.0,2000.0,0.0,,,,0.0,
TRAPITO COCINA,,TRAPITO COCINA,0.0,220.0,650.0,0.0,,,,220.0,
TRATAMIENTO PESTAÑA,,TRATAMIENTO PESTAÑA,11.0,156.0,850.0,0.0,,,,156.0,
,,UÑAS MANO 1,4.0,0.0,1300.0,0.0,,,,0.0,
UÑAS DOBLE,,UÑAS MANOS,6.0,278.0,1500.0,0.0,,,,278.0,
UÑAS MANOS,,UÑAS MANOS 2,2.0,0.0,850.0,0.0,,,,0.0,
UÑAS NIÑA,,UÑAS NIÑA 1,9.0,0.0,550.0,0.0,,,,0.0,
,,UÑAS NIÑA 2,6.0,0.0,850.0,0.0,,,,0.0,
UÑAS PIES,,UÑAS PIES,0.0,150.0,850.0,0.0,,,,150.0,
VASOS,,VASOS,4.0,250.0,650.0,0.0,,,,250.0,
VELAS CAJA,,VELAS CAJA,0.0,0.0,50.0,0.0,,,,0.0,
VELAS NAV,,VELAS NAV,0.0,0.0,450.0,0.0,,,,0.0,
VENUS,,VENUS,1.0,0.0,800.0,0.0,,,,0.0,
VENUS RESPUESTO,,VENUS RESPUESTO,0.0,0.0,2500.0,0.0,,,,0.0,
VESTIDOS,,VESTIDOS,0.0,0.0,4700.0,0.0,,,,0.0,
YOYOS,,YOYOS,0.0,0.0,950.0,0.0,,,,0.0,
,,ZAPATERAS,0.0,0.0,2000.0,0.0,,,,0.0,
ÚTILES DE REPOSTERIA PAR,,ÚTILES DE REPOSTERIA PAR,0.0,0.0,1400.0,0.0,,,,0.0,
ÚTILES REPOSTERIA,,ÚTILES REPOSTERIA,0.0,0.0,1200.0,0.0,,,,0.0,
ÚTILES REPOSTERIA CAJA,,ÚTILES REPOSTERIA CAJA,0.0,0.0,4000.0,0.0,,,,0.0,
ÚTILES REPOSTERÍA TRÍO,,ÚTILES REPOSTERÍA TRÍO,0.0,392.0,1800.0,0.0,,,,392.0,
