Clave,Unidad,Nombre,Cantidad,Costo,Precio,Cantidad Mínima,Precios Adicionales,Información Adicional,Categoría,Costo Promedio,
ABANICO,,ABANICO,0.0,0.0,900.0,0.0,,,,0.0,
,,ADORNO COLGANTE HALLOWEEN,0.0,0.0,3000.0,0.0,,,,0.0,
,,ADORNO HALLOWEEN,0.0,0.0,600.0,0.0,,,,0.0,
ADORNO NAV 1,,ADORNO NAV 1,0.0,0.0,450.0,0.0,,,,0.0,
ADORNO NAV 2,,ADORNO NAV 2,9.0,0.0,550.0,0.0,,,,0.0,
ADORNO NAV 3,,ADORNO NAV 3,7.0,0.0,700.0,0.0,,,,0.0,
ADORNO NAV 4,,ADORNO NAV 4,25.0,0.0,800.0,0.0,,,,0.0,
ADORNO NAV GRANDE,,ADORNO NAV GRANDE,4.0,0.0,500.0,2.0,,,,0.0,
ADORNO NAV PQTE,,ADORNO NAV PQTE,12.0,0.0,1100.0,2.0,,,,0.0,
,,ADORNO PUERTA HALLOWEEN 1,0.0,0.0,2500.0,0.0,,,,0.0,
,,ADORNO PUERTA HALLOWEEN 2,0.0,0.0,3000.0,0.0,,,,0.0,
ADORNO SOLAR,,ADORNO SOLAR,0.0,0.0,1500.0,1.0,,,,0.0,
ALFOMBRAS,,ALFOMBRAS,0.0,0.0,1500.0,1.0,,,,0.0,
,,ANILLOS 1,14.0,0.0,1500.0,0.0,,,,0.0,
ANILLOS,,ANILLOS 2,31.0,0.0,2000.0,2.0,,,,0.0,
,,ANILLOS NIÑA,18.0,0.0,300.0,0.0,,,,0.0,
APLICADORES OÍDOS,,APLICADORES OÍDOS,5.0,0.0,550.0,0.0,,,,0.0,
ARBOLITO INFLABLE,,ARBOLITO INFLABLE,0.0,0.0,3000.0,1.0,,,,0.0,
,,ARETES ACERO,11.0,130.0,2200.0,0.0,,,,130.0,
,,ARETES ACERO CHICOS,4.0,0.0,900.0,0.0,,,,0.0,
,,ARETES ACERO CHICOS 1,35.0,0.0,1400.0,0.0,,,,0.0,
,,ARETES DIAMANTE,0.0,0.0,300.0,0.0,,,,0.0,
,,ARETES PERLA,21.0,0.0,300.0,0.0,,,,0.0,
ARGOLLA MED,,ARGOLLA MED,0.0,162.0,800.0,1.0,,,,97.2,
ARGOLLA MED 1,,ARGOLLA MED 1,0.0,0.0,650.0,0.0,,,,0.0,
ARGOLLA,,ARGOLLAS ACERO,1.0,0.0,2000.0,1.0,,,,0.0,
ARGOLLAS CHICAS,,ARGOLLAS CHICAS,0.0,0.0,700.0,1.0,,,,0.0,
ARGOLLAS GRANDES,,ARGOLLAS GRANDES 2,0.0,0.0,2000.0,0.0,,,,0.0,
,,ARGOLLLAS CHICAS,0.0,0.0,1500.0,0.0,,,,0.0,
ARREGLOS CHICOS,,ARREGLOS CHICOS,0.0,0.0,1500.0,0.0,,,,0.0,
ARREGLOS GRANDES,,ARREGLOS GRANDES,0.0,0.0,3500.0,0.0,,,,0.0,
ARREGLOS MED,,ARREGLOS MED,0.0,0.0,3000.0,0.0,,,,0.0,
AUDÍFONOS,,AUDÍFONOS,0.0,0.0,950.0,1.0,,,,0.0,
,,BABY YODA PELUCHE CHICO,0.0,0.0,7500.0,0.0,,,,0.0,
,,BABY YODA PELUCHE GRANDE,1.0,0.0,13500.0,0.0,,,,0.0,
BASE 1,,BASE 1,4.0,0.0,2200.0,2.0,,,,0.0,
BASE 2,,BASE 2,7.0,130.0,750.0,0.0,,,,130.0,
,,BASE PROTECTOR,0.0,0.0,950.0,0.0,,,,0.0,
,,BEBÉ YODA,2.0,0.0,32700.0,0.0,,,,0.0,
BILLETERA,,BILLETERA,0.0,778.0,2500.0,1.0,,,,778.0,
,,BISUTERÍA REBAJA,0.0,0.0,250.0,0.0,,,,0.0,
,,BLUMER,0.0,0.0,1500.0,0.0,,,,0.0,
,,BLUSAS,18.0,0.0,3500.0,0.0,,,,0.0,
,,BLUSAS 2,17.0,0.0,4500.0,0.0,,,,0.0,
BOCINA,,BOCINA,0.0,0.0,4000.0,1.0,,,,0.0,
BODY TRANSPARENTE,,BODY TRANSPARENTE,1.0,0.0,1800.0,0.0,,,,0.0,
,,BOLA POKEMON,2.0,0.0,1200.0,2.0,,,,0.0,
BOLSA DE REGALO,,BOLSA DE REGALO,72.0,0.0,150.0,2.0,,,,0.0,
,,BOLSA M CHICA,1.0,0.0,4500.0,0.0,,,,0.0,
,,BOLSA M MED,0.0,0.0,3850.0,0.0,,,,0.0,
BOLSA NAV GRANDE,,BOLSA NAV GRANDE,0.0,0.0,600.0,0.0,,,,0.0,
BOLSA REGALO 2,,BOLSA REGALO 2,2.0,0.0,250.0,0.0,,,,0.0,
,,BOLSA REGALO NAV,21.0,0.0,200.0,0.0,,,,0.0,
BOLSITO UNISEX,,BOLSITO UNISEX,0.0,3518.0,5500.0,0.0,,,,3518.0,
BOLSO H MANO,,BOLSO H MANO,2.0,0.0,7500.0,0.0,,,,0.0,
,,BOLSO H MANO 2,0.0,0.0,8000.0,0.0,,,,0.0,
,,BOLSO HOMBRE,1.0,0.0,5500.0,0.0,,,,0.0,
,,BOLSO MUJER,0.0,0.0,6800.0,0.0,,,,0.0,
BOLSO NIÑO MANO,,BOLSO NIÑO MANO,0.0,0.0,3000.0,1.0,,,,0.0,
BOLSOS 1,,BOLSOS 1,0.0,0.0,1000.0,1.0,,,,0.0,
BOLSOS 2,,BOLSOS 2,0.0,0.0,3000.0,1.0,,,,0.0,
BOLSOS VOGUE,,BOLSOS VOGUE,0.0,0.0,2500.0,0.0,,,,0.0,
BOTA NAV CHICA,,BOTA NAV CHICA,6.0,0.0,800.0,0.0,,,,0.0,
BOTA NAV GRANDE,,BOTA NAV GRANDE,5.0,0.0,2100.0,0.0,,,,0.0,
BOTA NAV MEDIANA,,BOTA NAV MEDIANA,8.0,0.0,1750.0,0.0,,,,0.0,
,,BRILLO,3.0,0.0,1400.0,0.0,,,,0.0,
,,BRILLO 1,16.0,0.0,1800.0,0.0,,,,0.0,
,,BRILLO LISO,4.0,0.0,1300.0,0.0,,,,0.0,
BRILLO LISO 1,,BRILLO LISO 1,83.0,200.0,850.0,1.0,,,,200.0,
BRILLO LISO 2,,BRILLO LISO 2,2.0,0.0,1100.0,0.0,,,,0.0,
BRILLO LISO 3,,BRILLO LISO 3,7.0,148.0,700.0,2.0,,,,148.0,
BRILLO LISO 4,,BRILLO LISO 4,14.0,217.0,1200.0,1.0,,,,203.79,
BRILLO LISO 5,,BRILLO LISO 5,9.0,213.0,950.0,1.0,,,,213.0,
,,BRILLO LISO 6,7.0,0.0,600.0,0.0,,,,0.0,
,,BRILLO LISO 7,3.0,260.0,900.0,0.0,,,,260.0,
,,BROCHA 4D,0.0,0.0,600.0,0.0,,,,0.0,
BROCHA BASE,,BROCHA BASE,1.0,0.0,950.0,0.0,,,,0.0,
,,BROCHA MAQ 1,0.0,0.0,250.0,0.0,,,,0.0,
BROCHA MAQ CHICA,,BROCHA MAQ 2,28.0,0.0,500.0,2.0,,,,0.0,
,,BROCHA MAQ 3,0.0,0.0,750.0,0.0,,,,0.0,
BROCHA MAQ MED,,BROCHA MAQ MED,0.0,0.0,300.0,1.0,,,,0.0,
BUFANDA ADULTO,,BUFANDA ADULTO,0.0,0.0,950.0,1.0,,,,0.0,
BUFANDA DE NIÑO,,BUFANDA DE NIÑO,0.0,0.0,1500.0,1.0,,,,0.0,
,,BÁLSAMO 1,19.0,0.0,800.0,0.0,,,,0.0,
BÁLSAMO VIEJO,,BÁLSAMO 2,5.0,0.0,1050.0,0.0,,,,0.0,
BÁLSAMO,,BÁLSAMO 3,13.0,0.0,600.0,2.0,,,,0.0,
BÁLSAMO 1,,BÁLSAMO 4,5.0,0.0,1100.0,0.0,,,,0.0,
,,BÁLSAMO 5,0.0,0.0,850.0,0.0,,,,0.0,
,,BÁLSAMO DIOR,5.0,0.0,1800.0,0.0,,,,0.0,
CADENA 1,,CADENA 1,0.0,521.0,1500.0,0.0,,,,521.0,
CADENA 2,,CADENA 2,0.0,1303.0,3500.0,0.0,,,,1303.0,
,,CADENA MUJER,0.0,0.0,2500.0,0.0,,,,0.0,
CALZONCILLO DE H,,CALZONCILLO DE H,0.0,0.0,900.0,0.0,,,,0.0,
CAMA PERRO CHICA,,CAMA PERRO CHICA,0.0,0.0,4600.0,0.0,,,,0.0,
CAMA PERRO MED,,CAMA PERRO MED,0.0,0.0,4800.0,0.0,,,,0.0,
,,CAPSULA PELO,1.0,0.0,3200.0,0.0,,,,0.0,
,,CARABELA MINI,0.0,0.0,500.0,0.0,,,,0.0,
CARRITOS,,CARRITOS,21.0,0.0,500.0,0.0,,,,0.0,
CARTAS,,CARTAS,0.0,0.0,850.0,1.0,,,,0.0,
CARTERA DE NIÑA,,CARTERA DE NIÑA,0.0,0.0,3600.0,0.0,,,,0.0,
CARTERA H 1,,CARTERA H 1,0.0,2866.0,10500.0,0.0,,,,2866.0,
CARTERA H 2,,CARTERA H 2,2.0,4821.0,17000.0,0.0,,,,4821.0,
CARTERA H CHICA,,CARTERA H CHICA 2,2.0,0.0,5850.0,1.0,,,,0.0,
CARTERA H DANIEL,,CARTERA H DANIEL,0.0,0.0,4500.0,1.0,,,,0.0,
CARTERA H GRANDE,,CARTERA H GRANDE,0.0,2223.0,7000.0,1.0,,,,2223.0,
CARTERA H MED,,CARTERA H MED,1.0,1778.0,6000.0,0.0,,,,1778.0,
CARTERA H NUEVA,,CARTERA H NUEVA,3.0,0.0,10800.0,1.0,,,,0.0,
CARTERA H NUEVA CHICA,,CARTERA H NUEVA CHICA,3.0,0.0,13500.0,1.0,,,,0.0,
CARTERA H NUEVA GRANDE,,CARTERA H NUEVA GRANDE,5.0,0.0,18500.0,1.0,,,,0.0,
CARTERA H NUEVA MED,,CARTERA H NUEVA MED,0.0,0.0,18500.0,1.0,,,,0.0,
,,CARTERA H REBAJA,1.0,0.0,8000.0,0.0,,,,0.0,
,,CARTERA HOMBRE CHICA 1,2.0,0.0,3500.0,0.0,,,,0.0,
CARTERA M GRANDE,,CARTERA M GRANDE,3.0,0.0,10500.0,0.0,,,,0.0,
CARTERA M GRANDE 2,,CARTERA M GRANDE 2,0.0,2223.0,8000.0,1.0,,,,741.0,
CARTERA M GRANDE 3,,CARTERA M GRANDE 3,5.0,0.0,13500.0,0.0,,,,0.0,
CARTERA M GRANDE 4,,CARTERA M GRANDE 4,0.0,3648.0,13500.0,0.0,,,,3648.0,
,,CARTERA M GRANDE SALIR,0.0,0.0,16500.0,0.0,,,,0.0,
CARTERA M MED DANIEL,,CARTERA M MED DANIEL,0.0,0.0,1500.0,0.0,,,,0.0,
,,CARTERA MUJER,0.0,0.0,7500.0,0.0,,,,0.0,
CARTERA SALIR 2,,CARTERA MUJER ELEGANTE,0.0,4951.0,14500.0,0.0,,,,4951.0,
,,CARTERA MUJER REBAJA,1.0,0.0,5000.0,0.0,,,,0.0,
CARTERA SALIR 3,,CARTERA SALIR 3,0.0,5733.0,16000.0,0.0,,,,5733.0,
CARTERA SALIR 1,,CARTERA SALIR REBAJA,1.0,0.0,8500.0,0.0,,,,0.0,
CARTERITA AGUACATE,,CARTERITA AGUACATE,0.0,0.0,1200.0,1.0,,,,0.0,
CARTERITA CELULAR 1,,CARTERITA CELULAR 1,0.0,0.0,1800.0,1.0,,,,0.0,
CARTERITA CELULAR 2,,CARTERITA CELULAR 2,0.0,0.0,2500.0,1.0,,,,0.0,
,,CARTERITA MUJER,1.0,0.0,5000.0,0.0,,,,0.0,
CARTERITA PELUSA,,CARTERITA PELUSA,0.0,0.0,350.0,2.0,,,,0.0,
CARTERITA POPIT,,CARTERITA POPIT 1,0.0,0.0,2500.0,1.0,,,,0.0,
,,CARTERITA POPIT 2,3.0,0.0,4500.0,0.0,,,,0.0,
,,CARTERITA POPIT 3,6.0,0.0,5000.0,0.0,,,,0.0,
,,CARTERITA UNICORNIO,1.0,0.0,3800.0,0.0,,,,0.0,
,,CARTERITAS LAZO,0.0,0.0,3500.0,0.0,,,,0.0,
CARTUCHERA,,CARTUCHERA,9.0,148.0,850.0,0.0,,,,148.0,
CARTUCHERA 3D,,CARTUCHERA 3D,0.0,556.0,2500.0,1.0,,,,556.0,
CEPILLO DE DIENTES,,CEPILLO DE DIENTES,0.0,0.0,400.0,2.0,,,,0.0,
CEPILLO LAVAR,,CEPILLO LAVAR,0.0,0.0,600.0,0.0,,,,0.0,
CESTOS,,CESTOS,0.0,0.0,1500.0,0.0,,,,0.0,
CHAPITA MANGA,,CHAPITA MANGA,0.0,0.0,400.0,3.0,,,,0.0,
,,CINTA ADVERTENCIA,0.0,0.0,2300.0,0.0,,,,0.0,
,,CINTA CABEZA,0.0,0.0,1200.0,0.0,,,,0.0,
CINTA PELO CHICA,,CINTA PELO CHICA,0.0,74.0,400.0,0.0,,,,74.0,
CINTA PELO GRANDE,,CINTA PELO GRANDE,7.0,93.0,650.0,0.0,,,,93.0,
,,CINTA PELO MEDIANA,12.0,0.0,550.0,0.0,,,,0.0,
CINTILLO 1,,CINTILLO 1,6.0,0.0,600.0,1.0,,,,0.0,
,,CINTILLO 2,8.0,0.0,750.0,0.0,,,,0.0,
,,CINTILLO 5,2.0,0.0,1000.0,0.0,,,,0.0,
CINTILLO HOLLOWEEN,,CINTILLO HOLLOWEEN,0.0,0.0,550.0,0.0,,,,0.0,
CINTILLO MAQUILLAJE,,CINTILLO MAQUILLAJE,3.0,0.0,1500.0,0.0,,,,0.0,
CINTILLO NAV,,CINTILLO NAV,3.0,0.0,1000.0,0.0,,,,0.0,
,,CINTILLO REBAJA,1.0,0.0,500.0,0.0,,,,0.0,
CINTILLO 2,,CINTILLOS 3,0.0,0.0,900.0,3.0,,,,0.0,
CINTILLO 6,,CINTILLOS 4,24.0,238.0,950.0,0.0,,,,238.0,
,,CINTILLOS 6,8.0,0.0,1500.0,0.0,,,,0.0,
,,CINTILLOS 7,2.0,0.0,1200.0,0.0,,,,0.0,
,,CINTILLOS 8,7.0,0.0,2000.0,0.0,,,,0.0,
,,CINTO MUJER,3.0,0.0,2000.0,0.0,,,,0.0,
COLADERA CHICA,,COLADERA CHICA,1.0,0.0,650.0,0.0,,,,0.0,
COLADERA GRANDE,,COLADERA GRANDE,0.0,0.0,1800.0,1.0,,,,0.0,
COLADERA MED,,COLADERA MED,0.0,0.0,1200.0,1.0,,,,0.0,
COLGANTE CELULAR,,COLGANTE CELULAR,2.0,0.0,500.0,0.0,,,,0.0,
,,COLLAR MASCOTA,4.0,0.0,1100.0,0.0,,,,0.0,
COLLAR PERRO 1,,COLLAR PERRO 1,3.0,238.0,450.0,0.0,,,,238.0,
COLLAR PERRO CHICO,,COLLAR PERRO CHICO,0.0,0.0,600.0,1.0,,,,0.0,
COLLAR PERRO GRAND,,COLLAR PERRO GRAND,0.0,0.0,1950.0,1.0,,,,0.0,
,,COMPACTO 1,1.0,0.0,1100.0,0.0,,,,0.0,
COMPACTO,,COMPACTO 2,1.0,866.0,2500.0,0.0,,,,502.43,
COQUITO,,COQUITOS 1,0.0,260.0,900.0,2.0,,,,130.0,
,,COQUITOS 2,0.0,0.0,500.0,0.0,,,,0.0,
,,CORRECTOR OJERA CHICO,3.0,0.0,850.0,0.0,,,,0.0,
CORRECTOR OJERA GRANDE,,CORRECTOR OJERA GRANDE,16.0,232.0,1300.0,0.0,,,,232.0,
,,CORRECTOR OJERA MED,1.0,0.0,650.0,0.0,,,,0.0,
CORRECTOR OJERA MINI,,CORRECTOR OJERA MINI,0.0,0.0,550.0,1.0,,,,0.0,
CORTAÚÑAS,,CORTAÚÑAS,0.0,0.0,400.0,0.0,,,,0.0,
CORTINA BAÑO,,CORTINA BAÑO,0.0,0.0,2100.0,1.0,,,,0.0,
,,COSMETIQUERA 1,4.0,0.0,5500.0,0.0,,,,0.0,
,,COSMETIQUERA 2,3.0,0.0,3500.0,0.0,,,,0.0,
,,COSMETIQUERA CHICA,1.0,0.0,1100.0,0.0,,,,0.0,
,,COSMETIQUERA GRANDE,0.0,0.0,2500.0,0.0,,,,0.0,
,,COSMETIQUERA MED,0.0,0.0,2200.0,0.0,,,,0.0,
CREMA FACIAL,,CREMA FACIAL,1.0,0.0,2500.0,0.0,,,,0.0,
CREMA FACIAL ACLARANTE,,CREMA FACIAL ACLARANTE,0.0,0.0,2500.0,0.0,,,,0.0,
,,CREMA FACIAL CHICA,0.0,0.0,2000.0,0.0,,,,0.0,
,,CREMA PIES,1.0,0.0,1500.0,0.0,,,,0.0,
CREYON PERM 2,,CREYON,12.0,173.0,850.0,0.0,,,,173.0,
CREYON,,CREYON 1,2.0,146.0,450.0,0.0,,,,28.26,
CREYON 1,,CREYON 2,9.0,0.0,650.0,0.0,,,,0.0,
,,CREYON 3,6.0,0.0,950.0,0.0,,,,0.0,
,,CREYON 4,8.0,0.0,800.0,0.0,,,,0.0,
,,CREYON DIOR,4.0,0.0,1200.0,0.0,,,,0.0,
CREYON HOLLOWEEN,,CREYON HOLLOWEEN,0.0,0.0,550.0,0.0,,,,0.0,
,,CREYON PERM,5.0,0.0,1200.0,0.0,,,,0.0,
CREYON PERM 1,,CREYON PERM 1,24.0,0.0,700.0,0.0,,,,0.0,
CREYON PERM 3,,CREYON PERM 3,1.0,153.0,800.0,0.0,,,,153.41,
,,CREYON PERM DIOR,6.0,0.0,1500.0,0.0,,,,0.0,
CREYON PERM DOBLE,,CREYON PERM DOBLE,4.0,0.0,950.0,1.0,,,,0.0,
CREYON PERMANENTE,,CREYON PERMANENTE,7.0,0.0,550.0,3.0,,,,0.0,
,,CREYON PERMANENTE DIOR,14.0,0.0,1200.0,0.0,,,,0.0,
CREYON REBAJA,,CREYON REBAJA,5.0,0.0,150.0,0.0,,,,0.0,
,,CUADRITO DIAMANTE,0.0,0.0,1500.0,0.0,,,,0.0,
,,CUBITOS,0.0,0.0,800.0,0.0,,,,0.0,
CUBO RUBI,,CUBO RUBI,7.0,0.0,3500.0,1.0,,,,0.0,
CUCHILLOS,,CUCHILLOS,0.0,0.0,600.0,1.0,,,,0.0,
CÁPSULA FACIAL,,CÁPSULA FACIAL,4.0,0.0,2300.0,0.0,,,,0.0,
DELINEADOR 1,,DELINEADOR 1,0.0,0.0,450.0,1.0,,,,0.0,
DELINEADOR 2,,DELINEADOR 2,13.0,70.0,650.0,1.0,,,,70.0,
,,DELINEADOR LABIOS,0.0,0.0,400.0,0.0,,,,0.0,
DELINEADOR PLUMÓN,,DELINEADOR PLUMÓN,20.0,0.0,850.0,2.0,,,,0.0,
DEMON,,DEMON,0.0,0.0,4200.0,0.0,,,,0.0,
DIJES,,DIJES,0.0,0.0,850.0,1.0,,,,0.0,
DUENDE NAV,,DUENDE NAV,0.0,0.0,6300.0,0.0,,,,0.0,
,,ENCENDEDORES,0.0,0.0,350.0,0.0,,,,0.0,
ESCLAVA,,ESCLAVA,13.0,0.0,2000.0,0.0,,,,0.0,
ESCOBAS,,ESCOBAS,0.0,0.0,950.0,1.0,,,,0.0,
,,ESPEJUELOS TRANSPARENTES,21.0,0.0,2500.0,0.0,,,,0.0,
ESPONJA ALUMINIO,,ESPONJA ALUMINIO,3.0,0.0,250.0,0.0,,,,0.0,
ESPONJA BAÑO,,ESPONJA BAÑO,1.0,0.0,750.0,0.0,,,,0.0,
,,ESPONJA BAÑO 2,0.0,0.0,500.0,0.0,,,,0.0,
ESPONJA FREGAR,,ESPONJA FREGAR,0.0,0.0,200.0,2.0,,,,0.0,
ESPONJA MAQUILLAJE,,ESPONJA MAQUILLAJE,0.0,0.0,250.0,2.0,,,,0.0,
ESPONJITA,,ESPONJITA,0.0,0.0,400.0,1.0,,,,0.0,
,,ESQUELETOS,0.0,0.0,3500.0,0.0,,,,0.0,
ESTUCHE MAQ CHICO,,ESTUCHE MAQ CHICO,0.0,0.0,1200.0,1.0,,,,0.0,
ESTUCHE MAQ GRANDE,,ESTUCHE MAQ GRANDE,0.0,0.0,1500.0,1.0,,,,0.0,
,,ESTUCHE MAQUILLAJE REBAJA,0.0,0.0,800.0,0.0,,,,0.0,
EXFOLIANTE,,EXFOLIANTE,0.0,0.0,1500.0,1.0,,,,0.0,
FAJAS,,FAJAS,0.0,0.0,3500.0,1.0,,,,0.0,
,,FAROLES,0.0,0.0,2300.0,0.0,,,,0.0,
,,FELPA FLOR,6.0,0.0,950.0,0.0,,,,0.0,
,,FELPA LAZO 3,1.0,0.0,850.0,0.0,,,,0.0,
,,FELPA LAZO 4,0.0,0.0,1500.0,0.0,,,,0.0,
,,FELPA LAZO REBAJA 1,0.0,0.0,500.0,0.0,,,,0.0,
,,FELPA LAZO REBAJA 2,0.0,0.0,600.0,0.0,,,,0.0,
,,FELPA MUÑE,0.0,0.0,650.0,0.0,,,,0.0,
,,FELPA PERLA,0.0,0.0,550.0,0.0,,,,0.0,
,,FELPA SCRUNCH 1,1.0,0.0,350.0,0.0,,,,0.0,
,,FELPA SCRUNCH 2,2.0,0.0,450.0,0.0,,,,0.0,
,,FELPA SCRUNCH 3,12.0,0.0,500.0,0.0,,,,0.0,
,,FELPA SCRUNCH 4,7.0,0.0,650.0,0.0,,,,0.0,
FELPAS CHICAS,,FELPAS CHICAS,0.0,0.0,400.0,1.0,,,,0.0,
FELPAS CHICAS PAR,,FELPAS CHICAS PAR,1.0,152.0,700.0,0.0,,,,152.0,
,,FELPAS DETALLE,1.0,0.0,600.0,0.0,,,,0.0,
FELPAS,,FELPAS DETALLE 1,5.0,0.0,750.0,0.0,,,,0.0,
FELPAS LAZO 1,,FELPAS LAZO 1,1.0,173.0,750.0,0.0,,,,173.0,
FELPAS LAZO 2,,FELPAS LAZO 2,0.0,238.0,900.0,2.0,,,,238.0,
FELPAS PAR,,FELPAS PAR,0.0,0.0,450.0,1.0,,,,0.0,
,,FELPAS PLATEADAS,0.0,0.0,550.0,0.0,,,,0.0,
FELPAS TRÍO,,FELPAS TRÍO,0.0,0.0,550.0,1.0,,,,0.0,
FIGURA NARUTO MEDIANO,,FIGURA NARUTO MED,0.0,497.0,3500.0,0.0,,,,497.0,
FIGURA NAVIDAD,,FIGURA NAVIDAD,0.0,0.0,950.0,0.0,,,,0.0,
,,FIGURA REBAJA,0.0,0.0,1500.0,0.0,,,,0.0,
,,FIGURA REBAJA 2,0.0,0.0,2500.0,0.0,,,,0.0,
,,FIGURAS KITTY,6.0,0.0,2500.0,0.0,,,,0.0,
FIGURAS MANGA 1,,FIGURAS MANGA 1,2.0,0.0,3800.0,0.0,,,,0.0,
FIGURAS MANGA 2,,FIGURAS MANGA 2,13.0,0.0,4500.0,2.0,,,,0.0,
FIGURAS MANGA CHICAS,,FIGURAS MANGA CHICAS,29.0,586.0,3500.0,3.0,,,,473.99,
FIGURAS MARIO CHICA,,FIGURAS MARIO CHICA,1.0,0.0,4100.0,1.0,,,,0.0,
FIGURAS MARIO GRANDE,,FIGURAS MARIO GRANDE,6.0,1042.0,5300.0,1.0,,,,629.09,
FIGURAS MARVEL GRANDES,,FIGURAS MARVEL GRANDES,2.0,0.0,5300.0,1.0,,,,0.0,
,,FIGURAS MARVEL M,3.0,0.0,4500.0,0.0,,,,0.0,
FIGURAS NARUTO CHICO,,FIGURAS NARUTO CHICO,26.0,497.0,2350.0,3.0,,,,146.18,
FINISH,,FINISH,2.0,0.0,1500.0,1.0,,,,0.0,
FUNKO CHICO,,FUNKO CHICO,0.0,0.0,2300.0,0.0,,,,0.0,
,,FUNKOS GRANDES,1.0,0.0,2000.0,0.0,,,,0.0,
GAFAS ADULTO,,GAFAS ADULTO,17.0,0.0,2500.0,0.0,,,,0.0,
,,GAFAS FASHION,1.0,0.0,3800.0,0.0,,,,0.0,
,,GAFAS HALLOWEEN,0.0,0.0,500.0,0.0,,,,0.0,
GAFAS NIÑO,,GAFAS NIÑO,18.0,0.0,1500.0,2.0,,,,0.0,
GAFAS REBAJA,,GAFAS REBAJA,0.0,0.0,1200.0,2.0,,,,0.0,
GANCHO PELO 1,,GANCHO PELO 1,3.0,67.0,450.0,1.0,,,,67.0,
GANCHO PELO 2,,GANCHO PELO 2,0.0,0.0,600.0,1.0,,,,0.0,
GEL FACIAL,,GEL FACIAL,0.0,0.0,1300.0,1.0,,,,0.0,
GIRASOLES,,GIRASOLES,0.0,0.0,1000.0,0.0,,,,0.0,
GLOBO 2,,GLOBO 2,0.0,0.0,250.0,0.0,,,,0.0,
GLOBO INFLABLE,,GLOBO INFLABLE,1.0,0.0,2500.0,0.0,,,,0.0,
GLOBOS NAV,,GLOBOS NAV,13.0,0.0,350.0,0.0,,,,0.0,
GLOBOS NÚMEROS,,GLOBOS NÚMEROS,1.0,0.0,450.0,0.0,,,,0.0,
GOKU 1,,GOKU 1,4.0,0.0,2500.0,1.0,,,,0.0,
GOKU 2,,GOKU 2,5.0,0.0,3500.0,1.0,,,,0.0,
GOKU 3,,GOKU 3,0.0,0.0,4000.0,1.0,,,,0.0,
GOMA BORRAR,,GOMA BORRAR,0.0,0.0,150.0,2.0,,,,0.0,
GOMA LOCA,,GOMA LOCA,9.0,0.0,200.0,3.0,,,,0.0,
GOMA PESTAÑAS,,GOMA PESTAÑAS,11.0,0.0,600.0,2.0,,,,0.0,
GORRA ADULTO,,GORRA ADULTO,7.0,889.0,4000.0,2.0,,,,888.16,
GORRA NIÑO,,GORRA NIÑO,0.0,778.0,2800.0,1.0,,,,680.75,
,,GORROS ZATIN,4.0,0.0,1700.0,0.0,,,,0.0,
GRADUADOS 1,,GRADUADOS 1,167.0,0.0,3000.0,3.0,,,,0.0,
GRADUADOS 2,,GRADUADOS 2,6.0,0.0,1800.0,2.0,,,,0.0,
GUANTES CHICOS,,GUANTES CHICOS,0.0,0.0,1150.0,0.0,,,,0.0,
GUANTES GRANDES,,GUANTES GRANDES,0.0,0.0,1400.0,0.0,,,,0.0,
GUANTES MEDIANO,,GUANTES MEDIANO,0.0,0.0,1500.0,0.0,,,,0.0,
GUANTES NAV 3,,GUANTES NAV 3,0.0,0.0,650.0,0.0,,,,0.0,
GUANTES NAVIDAD 1,,GUANTES NAVIDAD 1,0.0,0.0,800.0,1.0,,,,0.0,
GUANTES NAVIDAD 2,,GUANTES NAVIDAD 2,0.0,0.0,1150.0,2.0,,,,0.0,
GUANTES NAVIDAD ADULTO,,GUANTES NAVIDAD ADULTO,0.0,0.0,1400.0,2.0,,,,0.0,
GUANTES NIÑO,,GUANTES NIÑO,0.0,0.0,1150.0,0.0,,,,0.0,
GUIRNALDAS,,GUIRNALDAS,0.0,0.0,600.0,3.0,,,,0.0,
,,HEBIILAS DETALLE,8.0,0.0,650.0,0.0,,,,0.0,
HEBILLA 3,,HEBILLA 3,0.0,0.0,450.0,0.0,,,,0.0,
,,HEBILLA FLOR 2,1.0,0.0,750.0,0.0,,,,0.0,
HEBILLA LAZO,,HEBILLA LAZO,1.0,0.0,550.0,0.0,,,,0.0,
,,HEBILLA LAZO 1,11.0,0.0,750.0,0.0,,,,0.0,
,,HEBILLA LAZO 2,5.0,0.0,800.0,0.0,,,,0.0,
HEBILLA,,HEBILLA MARIPOSA,4.0,0.0,850.0,1.0,,,,0.0,
,,HEBILLA PAR,1.0,0.0,550.0,0.0,,,,0.0,
,,HEBILLA PAR FLOR,0.0,0.0,600.0,0.0,,,,0.0,
,,HEBILLAS COLA SIRENA,2.0,0.0,750.0,0.0,,,,0.0,
,,HEBILLAS FLOR,0.0,0.0,400.0,0.0,,,,0.0,
,,HEBILLAS MARIPOSA,0.0,0.0,250.0,0.0,,,,0.0,
,,HEBILLAS NIÑA,14.0,0.0,350.0,0.0,,,,0.0,
,,HEBILLAS TIC TAC,8.0,0.0,400.0,0.0,,,,0.0,
HILO COCER,,HILO COCER,0.0,0.0,600.0,1.0,,,,0.0,
HINCHA LABIO,,HINCHA LABIO,4.0,148.0,650.0,0.0,,,,148.0,
,,HINCHA LABIOS 2,6.0,0.0,1200.0,0.0,,,,0.0,
,,HINCHALABIOS 3,0.0,0.0,950.0,0.0,,,,0.0,
ILUMINADOR GRANDE,,ILUMINADOR GRANDE,0.0,0.0,2000.0,1.0,,,,0.0,
ILUMINADOR MED,,ILUMINADOR MED,0.0,0.0,1750.0,1.0,,,,0.0,
,,INCIENSO,11.0,0.0,650.0,0.0,,,,0.0,
JABONERA,,JABONERA,0.0,0.0,650.0,0.0,,,,0.0,
JOYERO,,JOYERO,1.0,0.0,950.0,0.0,,,,133.33,
JUEGO AGUA,,JUEGO AGUA,0.0,0.0,850.0,1.0,,,,0.0,
,,JUEGO ARETE ANILLO,0.0,0.0,3000.0,0.0,,,,0.0,
,,JUEGO ARETE CADENA,0.0,0.0,4500.0,0.0,,,,0.0,
JUEGO BROCHA CHICA,,JUEGO BROCHA CHICA,4.0,0.0,1100.0,1.0,,,,0.0,
JUEGOS BROCHA Y PEINE,,JUEGO BROCHA Y PEINE,3.0,0.0,650.0,1.0,,,,0.0,
,,JUEGO COSMETIQUERA,0.0,0.0,3500.0,0.0,,,,0.0,
JUEGO CUCHARONES,,JUEGO CUCHARONES,0.0,0.0,1800.0,0.0,,,,0.0,
JUEGO DE BROCHA,,JUEGO DE BROCHA,0.0,0.0,1550.0,0.0,,,,0.0,
JUEGO DE FELPAS GRANDE,,JUEGO DE FELPAS GRANDE,15.0,0.0,350.0,1.0,,,,0.0,
JUEGO DORMIR,,JUEGO DORMIR,0.0,0.0,3500.0,0.0,,,,0.0,
,,JUEGO ESTRELLAS,1.0,0.0,2800.0,0.0,,,,0.0,
JUEGO GLOBOS NAV,,JUEGO GLOBOS NAV,3.0,0.0,1550.0,0.0,,,,0.0,
,,JUGUETE CUERDA,0.0,0.0,2500.0,0.0,,,,0.0,
KIT 3 ESPONJA,,KIT 3 ESPONJA,3.0,0.0,500.0,0.0,,,,0.0,
KIT AGARRADERA,,KIT AGARRADERA,5.0,0.0,650.0,0.0,,,,0.0,
KIT ESPONJA ESTROPAJO,,KIT ESPONJA ESTROPAJO,4.0,0.0,750.0,0.0,,,,0.0,
KIT PARA UÑAS,,KIT PARA UÑAS,0.0,0.0,1500.0,1.0,,,,0.0,
KITTY,,KITTY,0.0,0.0,17500.0,0.0,,,,0.0,
LAPICERO 10 COLORES,,LAPICERO 10 COLORES,0.0,0.0,800.0,2.0,,,,0.0,
LAPICERO COLORES,,LAPICERO COLORES,1.0,0.0,150.0,0.0,,,,0.0,
,,LAPICERO MINI,19.0,0.0,650.0,0.0,,,,0.0,
LAZOS GRANDES 1,,LAZOS GRANDES 1,0.0,282.0,1200.0,0.0,,,,282.0,
LAZOS GRANDES 2,,LAZOS GRANDES 2,0.0,390.0,1300.0,0.0,,,,390.0,
,,LAZOS REBAJA,0.0,0.0,600.0,0.0,,,,0.0,
LEGO MOCHILA,,LEGO MOCHILA,0.0,0.0,2500.0,0.0,,,,0.0,
LEGO MÁGICO,,LEGO MÁGICO,2.0,223.0,2500.0,1.0,,,,223.0,
LEGO MÁGICO 1,,LEGO MÁGICO 1,2.0,0.0,2000.0,0.0,,,,0.0,
LEGOS 1,,LEGOS 1,125.0,556.0,1200.0,50.0,,,,318.04,
LEGOS 2,,LEGOS 2,83.0,667.0,1500.0,20.0,,,,460.49,
LENCERÍA,,LENCERÍA,0.0,0.0,4000.0,1.0,,,,0.0,
LENTES,,LENTES,3.0,482.0,3300.0,1.0,,,,482.0,
LIGA CABLE,,LIGA CABLE,4.0,28.0,100.0,3.0,,,,28.0,
LIGA CABLE PQTE,,LIGA CABLE PQTE,0.0,0.0,450.0,0.0,,,,0.0,
,,LIGA DETALLE,9.0,0.0,350.0,0.0,,,,0.0,
LIGA,,LIGA DETALLE 1,7.0,130.0,500.0,0.0,,,,130.0,
LIGA SILICONA 1,,LIGA SILICONA 1,0.0,0.0,600.0,2.0,,,,0.0,
LIGA SILICONA 2,,LIGA SILICONA 2,8.0,0.0,700.0,0.0,,,,0.0,
LIGA SILICONA SURTIDA,,LIGA SILICONA SURTIDA,0.0,185.0,800.0,1.0,,,,185.0,
LIMA DE UÑAS,,LIMA DE UÑAS,8.0,0.0,150.0,3.0,,,,0.0,
LLAVERO 3,,LLAVERO 3,0.0,282.0,1100.0,0.0,,,,282.0,
LLAVERO 4,,LLAVERO 4,2.0,556.0,1950.0,0.0,,,,556.0,
LLAVERO CON FIGURA,,LLAVERO CON FIGURA,18.0,267.0,1200.0,2.0,,,,267.0,
,,LLAVERO CUBO RUBIK,0.0,0.0,350.0,0.0,,,,0.0,
LLAVERO ESPONJA,,LLAVERO ESPONJA,0.0,0.0,1200.0,0.0,,,,0.0,
LLAVERO 1,,LLAVERO FASHION,6.0,390.0,2000.0,0.0,,,,390.0,
LLAVERO FASHION,,LLAVERO FASHION 1,1.0,0.0,800.0,0.0,,,,0.0,
,,LLAVERO FASHION 2,0.0,0.0,1500.0,0.0,,,,0.0,
LLAVERO FIGURA,,LLAVERO FIGURA,30.0,130.0,650.0,2.0,,,,130.0,
,,LLAVERO LETRA,0.0,0.0,350.0,0.0,,,,0.0,
LLAVERO LINTERNA,,LLAVERO LINTERNA,0.0,185.0,700.0,1.0,,,,185.0,
,,LLAVERO MINI STICH,8.0,0.0,500.0,0.0,,,,0.0,
,,LLAVERO MONEDERO 1,20.0,0.0,900.0,0.0,,,,0.0,
LLAVERO MONEDERO 1,,LLAVERO MONEDERO 3,0.0,0.0,400.0,1.0,,,,0.0,
,,LLAVERO MONEDERO 4,5.0,0.0,1100.0,0.0,,,,0.0,
,,LLAVERO MONEDERO 6,0.0,0.0,1500.0,0.0,,,,0.0,
LLAVERO MONEDERO 2,,LLAVERO MONEDERO BUBU,3.0,195.0,1300.0,0.0,,,,195.0,
,,LLAVERO OJO TURCO,3.0,0.0,750.0,0.0,,,,0.0,
LLAVERO ORUGA,,LLAVERO ORUGA,2.0,0.0,850.0,0.0,,,,0.0,
,,LLAVERO POMPOM,9.0,0.0,950.0,1.0,,,,0.0,
,,LLAVERO POMPOM 1,5.0,0.0,1050.0,0.0,,,,0.0,
LLAVERO POMPÓN,,LLAVERO POMPÓN,0.0,0.0,650.0,0.0,,,,0.0,
,,LLAVERO REBAJA,0.0,0.0,250.0,0.0,,,,0.0,
,,LLAVERO REBAJA 2,0.0,0.0,350.0,0.0,,,,0.0,
,,LLAVERO REBAJA 3,0.0,0.0,500.0,0.0,,,,0.0,
,,LLAVEROS MUÑE,0.0,0.0,1100.0,0.0,,,,0.0,
LOL,,LOL,0.0,2606.0,4500.0,1.0,,,,2606.0,
,,LONCHERAS,2.0,0.0,4000.0,0.0,,,,0.0,
LUCES BOMBILLO CHICO,,LUCES BOMBILLO CHICO,0.0,0.0,6500.0,1.0,,,,0.0,
LUCES BOMBILLO GRANDE,,LUCES BOMBILLO GRANDE,0.0,0.0,12000.0,1.0,,,,0.0,
LUCES EXTERIOR,,LUCES EXTERIOR,0.0,0.0,14000.0,0.0,,,,0.0,
LUCES NAV FIGURA,,LUCES NAV FIGURA,0.0,0.0,7500.0,1.0,,,,0.0,
LUCES NAV,,LUCES NAVIDAD,3.0,0.0,5000.0,1.0,,,,0.0,
LUZ NAV 1,,LUZ NAV 1,0.0,0.0,5000.0,0.0,,,,0.0,
LUZ NAV 2,,LUZ NAV 2,0.0,0.0,5500.0,0.0,,,,0.0,
LUZ NAV 3,,LUZ NAV 3,0.0,0.0,6500.0,0.0,,,,0.0,
LUZ NAV CORTINA,,LUZ NAV CORTINA,0.0,0.0,7500.0,0.0,,,,0.0,
LÁMPARA,,LÁMPARA,0.0,0.0,8000.0,1.0,,,,0.0,
LÁMPARA DE LUZ,,LÁMPARA DE LUZ,0.0,0.0,4000.0,1.0,,,,0.0,
LÁPIZ CEJA,,LÁPIZ CEJA,0.0,0.0,650.0,1.0,,,,0.0,
LÁPIZ CEJA CHICO,,LÁPIZ CEJA CHICO,7.0,0.0,400.0,2.0,,,,0.0,
LÁPIZ INFINITO,,LÁPIZ INFINITO,16.0,0.0,200.0,2.0,,,,0.0,
MACETAS GRANDES,,MACETAS GRANDES,0.0,0.0,2500.0,0.0,,,,0.0,
MACETAS MED,,MACETAS MED,0.0,0.0,1800.0,0.0,,,,0.0,
MACETAS MINI,,MACETAS MINI 1,0.0,0.0,1500.0,0.0,,,,0.0,
,,MACETAS MINI 2,0.0,0.0,1500.0,0.0,,,,0.0,
MACETAS SÚPER GRANDE,,MACETAS SÚPER GRANDE,0.0,0.0,2000.0,0.0,,,,0.0,
MANILLA 1,,MANILLA 1,1.0,0.0,1800.0,0.0,,,,0.0,
MANILLA 2,,MANILLA 2,17.0,586.0,2500.0,1.0,,,,378.81,
MANILLA 3,,MANILLA 3,1.0,0.0,850.0,0.0,,,,0.0,
MANILLA 4,,MANILLA 4,0.0,1303.0,4800.0,0.0,,,,1303.0,
,,MANILLA 5,0.0,0.0,3000.0,0.0,,,,0.0,
MANTEL,,MANTEL,0.0,0.0,3000.0,1.0,,,,0.0,
MARBELLINE,,MARBELLINE 1,6.0,167.0,650.0,1.0,,,,166.99,
,,MARBELLINE 2,6.0,0.0,1100.0,0.0,,,,0.0,
MARBELLINE DOBLE,,MARBELLINE DOBLE,0.0,0.0,850.0,0.0,,,,0.0,
MARCADOR PERMANENTE,,MARCADOR PERMANENTE,0.0,50.0,350.0,3.0,,,,49.35,
MASCARILLA FACIAL,,MASCARILLA FACIAL,21.0,0.0,550.0,0.0,,,,0.0,
MASCARILLA FACIAL 1,,MASCARILLA FACIAL 1,3.0,0.0,650.0,0.0,,,,0.0,
MASCARILLA LABIOS,,MASCARILLA LABIOS,12.0,111.0,450.0,2.0,,,,111.0,
MASCARILLA NARIZ,,MASCARILLA NARIZ,0.0,0.0,450.0,0.0,,,,0.0,
MASCARILLA OJOS,,MASCARILLA OJOS,1.0,45.0,450.0,0.0,,,,45.0,
MEDIAS DE H,,MEDIAS DE H,1.0,0.0,600.0,0.0,,,,0.0,
,,MEDIAS ESCUELA,10.0,0.0,850.0,0.0,,,,0.0,
,,MEDIAS ESCUELA 2,8.0,0.0,1000.0,0.0,,,,0.0,
,,MEDIAS KUROMI,5.0,0.0,950.0,0.0,,,,0.0,
,,MEDIAS MARCA,17.0,0.0,1300.0,0.0,,,,0.0,
MEDIAS MUÑE,,MEDIAS MUÑE 1,10.0,0.0,550.0,5.0,,,,0.0,
,,MEDIAS MUÑE 2,3.0,0.0,650.0,0.0,,,,0.0,
,,MEDIAS MUÑE 3,7.0,0.0,850.0,0.0,,,,0.0,
,,MEDIAS NAV,4.0,260.0,650.0,1.0,,,,260.0,
MEDIAS NIKE LARGAS,,MEDIAS NIKE LARGAS,0.0,282.0,950.0,1.0,,,,282.0,
,,MEDIAS SIMPLES,6.0,0.0,750.0,0.0,,,,0.0,
MEDIAS STICH,,MEDIAS STICH,0.0,282.0,750.0,1.0,,,,282.0,
MEDIDOR,,MEDIDOR,0.0,0.0,2000.0,1.0,,,,0.0,
MERENDERO 1,,MERENDERO 1,0.0,0.0,5500.0,1.0,,,,0.0,
MERENDERO 2,,MERENDERO 2,0.0,0.0,4800.0,1.0,,,,0.0,
MOCHILA COMBO LUZ,,MOCHILA COMBO LUZ,0.0,0.0,9750.0,1.0,,,,0.0,
MOCHILA DE MUJER,,MOCHILA DE MUJER,0.0,0.0,14500.0,1.0,,,,0.0,
MOCHILA DE SALIR,,MOCHILA DE SALIR,4.0,0.0,12000.0,0.0,,,,0.0,
MOCHILA,,MOCHILA NIÑO,0.0,0.0,7500.0,1.0,,,,0.0,
,,MOCHILA PELUCHE,0.0,0.0,4700.0,0.0,,,,0.0,
MOCHILA POPIT,,MOCHILA POPIT,0.0,1172.0,4300.0,1.0,,,,1172.0,
MOCHILA POPIT 1,,MOCHILA POPIT 1,0.0,0.0,4500.0,0.0,,,,0.0,
,,MOCHILA SIRENA,0.0,0.0,9500.0,0.0,,,,0.0,
,,MOCHILA UNICORNIO,0.0,0.0,6500.0,0.0,,,,0.0,
MONEDERO 10,,MONEDERO 10,0.0,2475.0,7600.0,0.0,,,,2475.0,
MONEDERO 11,,MONEDERO 11,0.0,0.0,8200.0,0.0,,,,0.0,
,,MONEDERO 12,6.0,0.0,4200.0,0.0,,,,0.0,
,,MONEDERO 13,1.0,0.0,3500.0,0.0,,,,0.0,
MONEDERO 2,,MONEDERO 2,2.0,0.0,5300.0,1.0,,,,0.0,
MONEDERO 3,,MONEDERO 3,1.0,0.0,5500.0,0.0,,,,0.0,
MONEDERO 4,,MONEDERO 4,3.0,0.0,6500.0,1.0,,,,0.0,
MONEDERO 5,,MONEDERO 5,0.0,0.0,6800.0,1.0,,,,0.0,
MONEDERO 6,,MONEDERO 6,6.0,1954.0,6000.0,0.0,,,,1954.0,
MONEDERO 7,,MONEDERO 7,0.0,2667.0,8000.0,0.0,,,,2667.0,
,,MONEDERO 8,1.0,0.0,4500.0,0.0,,,,0.0,
MONEDERO 9,,MONEDERO 9,0.0,2215.0,7000.0,0.0,,,,2215.0,
MONEDERO CARTERITA,,MONEDERO CARTERITA,3.0,0.0,6500.0,1.0,,,,0.0,
MONEDERO CARTERITA 2,,MONEDERO CARTERITA 2,0.0,0.0,6000.0,0.0,,,,0.0,
,,MONEDERO CARTERITA REBAJA,0.0,0.0,3500.0,0.0,,,,0.0,
MONEDERO DOBLE,,MONEDERO DOBLE,0.0,0.0,2400.0,1.0,,,,0.0,
MONEDERO SENCILLO,,MONEDERO SENCILLO,0.0,0.0,2100.0,1.0,,,,0.0,
MOUSE,,MOUSE,0.0,0.0,3500.0,1.0,,,,0.0,
,,MOÑO CORTO,3.0,0.0,2500.0,0.0,,,,0.0,
,,MOÑO LARGO,3.0,0.0,5000.0,0.0,,,,0.0,
MOÑO LAZO,,MOÑO LAZO,0.0,0.0,200.0,0.0,,,,0.0,
,,MUÑECO ARENA,0.0,0.0,1200.0,0.0,,,,0.0,
MUÑECO NAV,,MUÑECO NAV,0.0,0.0,4500.0,0.0,,,,0.0,
,,MUÑECO NAV 2,1.0,0.0,6300.0,0.0,,,,0.0,
,,MUÑECO SALTARIN,0.0,0.0,3000.0,0.0,,,,0.0,
MUÑECO SANTA,,MUÑECO SANTA,0.0,0.0,6800.0,0.0,,,,0.0,
MUÑECO SILICONA,,MUÑECO SILICONA,0.0,370.0,1350.0,0.0,,,,370.0,
MUÑEQUERA,,MUÑEQUERA,0.0,0.0,1000.0,0.0,,,,0.0,
NAILON REGALO 1,,NAILON REGALO 1,0.0,0.0,250.0,0.0,,,,0.0,
NEZUCO,,NEZUCO,0.0,0.0,6800.0,1.0,,,,0.0,
,,OJOS HALLOWEEN,0.0,0.0,200.0,0.0,,,,0.0,
ONE PIECE,,ONE PIECE,0.0,0.0,9000.0,1.0,,,,0.0,
ONE PIECE CHICO,,ONE PIECE CHICO,9.0,752.0,2750.0,0.0,,,,752.0,
ONE PIECE GRAND,,ONE PIECE GRAND,4.0,1746.0,5300.0,0.0,,,,1746.0,
ORGANIZADORES,,ORGANIZADORES,1.0,0.0,950.0,0.0,,,,0.0,
,,OSITO DECORACIÓN,0.0,0.0,300.0,0.0,,,,0.0,
OSITOS DECORAR,,OSITOS DECORAR,0.0,0.0,600.0,0.0,,,,0.0,
PACHANGA,,PACHANGA,0.0,0.0,3800.0,1.0,,,,0.0,
PANDORA 1,,PANDORA 1,2.0,0.0,2800.0,0.0,,,,0.0,
PANDORA 2,,PANDORA 2,0.0,0.0,2800.0,1.0,,,,0.0,
PANDORA 3,,PANDORA 3,2.0,0.0,3200.0,0.0,,,,0.0,
PANDORA PULSO,,PANDORA PULSO,0.0,0.0,600.0,0.0,,,,0.0,
,,PANDORA REBAJA,0.0,0.0,500.0,0.0,,,,0.0,
PANTYS,,PANTYS,0.0,434.0,1800.0,0.0,,,,434.0,
PAQUETE  FELPA,,PAQUETE  FELPA,18.0,0.0,650.0,1.0,,,,0.0,
,,PAQUETE BOLA NAV,4.0,0.0,3000.0,0.0,,,,0.0,
,,PAQUETE BOLA NAV 1,11.0,0.0,1800.0,0.0,,,,0.0,
PAQUETE FELPA SURTIDO,,PAQUETE FELPA SURTIDO,0.0,0.0,650.0,0.0,,,,0.0,
,,PAQUETE HEBILLA BUBU,3.0,0.0,650.0,0.0,,,,0.0,
,,PAQUETE HEBILLA FELPA STICH,4.0,0.0,1200.0,0.0,,,,0.0,
,,PAQUETE HEBILLA PELLIZQUITO,5.0,0.0,750.0,0.0,,,,0.0,
,,PAQUETE HEBILLA TIC TAC,18.0,0.0,800.0,0.0,,,,0.0,
,,PAQUETE PELLIZCO,6.0,0.0,900.0,0.0,,,,0.0,
PAQUETE PELLIZCO 1,,PAQUETE PELLIZCO 1,7.0,0.0,650.0,0.0,,,,0.0,
,,PAQUETE PELLIZCO 2,6.0,0.0,850.0,0.0,,,,0.0,
,,PAQUETE PELLIZCO FELPA,6.0,0.0,750.0,0.0,,,,0.0,
PAQUETE PELLIZCO,,PAQUETE PELLIZCO HEBILLA,5.0,0.0,750.0,1.0,,,,0.0,
,,PAQUETE PELLIZCO HEBILLA 1,5.0,0.0,900.0,0.0,,,,0.0,
,,PAQUETE PELLIZCO NAV,6.0,0.0,750.0,0.0,,,,0.0,
PAQUETE PIÑA NAV,,PAQUETE PIÑA NAV,0.0,0.0,750.0,0.0,,,,0.0,
PAQUETICO PELLIZCO,,PAQUETICO PELLIZCO,5.0,0.0,300.0,0.0,,,,0.0,
PAR ARETE 1,,PAR ARETE 1,0.0,0.0,450.0,1.0,,,,0.0,
PAR ARETES,,PAR ARETES,2.0,0.0,1500.0,0.0,,,,0.0,
PAR ARETES 1,,PAR ARETES 1,6.0,217.0,550.0,0.0,,,,217.0,
PAR PEINE,,PAR PEINE,0.0,0.0,500.0,1.0,,,,0.0,
PATICOS,,PATICOS,6.0,65.0,250.0,0.0,,,,65.0,
PAÑOS DE COCINA,,PAÑOS DE COCINA,0.0,0.0,450.0,1.0,,,,0.0,
,,PAÑUELO CABEZA HOMBRE,0.0,0.0,1500.0,0.0,,,,0.0,
,,PAÑUELO PINTA,2.0,0.0,950.0,0.0,,,,0.0,
PEACH,,PEACH,0.0,0.0,5000.0,0.0,,,,0.0,
PECHERA,,PECHERA,5.0,1445.0,6800.0,1.0,,,,1445.0,
PECHERA PERRO CHICA,,PECHERA PERRO CHICA,0.0,0.0,1950.0,0.0,,,,0.0,
PECHERA PERRO GRANDE,,PECHERA PERRO GRANDE,0.0,0.0,2000.0,0.0,,,,0.0,
,,PECHERA PRO,0.0,0.0,6800.0,0.0,,,,0.0,
,,PECHERA REBAJA,0.0,0.0,2000.0,0.0,,,,0.0,
PEINE MINI,,PEINE MINI,1.0,0.0,500.0,0.0,,,,0.0,
,,PELLIZCO,17.0,0.0,1000.0,0.0,,,,0.0,
PELLIZCO 1,,PELLIZCO 1,8.0,0.0,150.0,5.0,,,,0.0,
PELLIZCO 10,,PELLIZCO 10,4.0,0.0,1500.0,0.0,,,,0.0,
,,PELLIZCO 11,31.0,0.0,250.0,0.0,,,,0.0,
,,PELLIZCO 12,6.0,0.0,950.0,0.0,,,,0.0,
PELLIZCO 2,,PELLIZCO 2,82.0,0.0,350.0,3.0,,,,0.0,
PELLIZCO 3,,PELLIZCO 3,30.0,0.0,500.0,5.0,,,,0.0,
PELLIZCO 4,,PELLIZCO 4,15.0,130.0,650.0,3.0,,,,129.8,
PELLIZCO 450,,PELLIZCO 450,13.0,0.0,450.0,0.0,,,,0.0,
PELLIZCO 5,,PELLIZCO 5,19.0,0.0,850.0,2.0,,,,0.0,
PELLIZCO 6,,PELLIZCO 6,5.0,0.0,900.0,0.0,,,,0.0,
PELLIZCO 7,,PELLIZCO 7,26.0,93.0,400.0,0.0,,,,86.48,
PELLIZCO 8,,PELLIZCO 8,17.0,0.0,700.0,0.0,,,,0.0,
PELLIZCO 9,,PELLIZCO 9,14.0,334.0,1200.0,0.0,,,,334.0,
,,PELLIZCOS 13,1.0,0.0,550.0,0.0,,,,0.0,
,,PELLIZCOS 14,27.0,0.0,750.0,0.0,,,,0.0,
PELOTAS CHICAS,,PELOTAS CHICAS,3.0,667.0,3500.0,0.0,,,,667.0,
PELOTAS FÚTBOL,,PELOTAS FÚTBOL,3.0,1111.0,5000.0,0.0,,,,1111.0,
PELOTAS MED,,PELOTAS MED,8.0,222.0,1000.0,1.0,,,,222.0,
PELOTAS RETORNO,,PELOTAS RETORNO,0.0,130.0,500.0,0.0,,,,130.0,
PELOTICA,,PELOTICA,0.0,0.0,350.0,0.0,,,,0.0,
PELOTICA 1,,PELOTICA 1,10.0,0.0,750.0,0.0,,,,0.0,
PELOTICA 2,,PELOTICA 2,0.0,0.0,550.0,0.0,,,,0.0,
PELUCHE 1,,PELUCHE 1,0.0,0.0,3500.0,2.0,,,,0.0,
PERFILADOR CEJA,,PERFILADOR CEJA,5.0,32.0,350.0,1.0,,,,29.86,
PERFUME,,PERFUME,1.0,600.0,3000.0,0.0,,,,600.0,
PERFUME DE BOLSO,,PERFUME DE BOLSO,6.0,312.0,1200.0,1.0,,,,312.0,
PERFUME LARGO,,PERFUME LARGO,0.0,312.0,1500.0,0.0,,,,312.0,
PESONERA CHICA,,PESONERA,1.0,282.0,1500.0,0.0,,,,282.0,
PESONERA GRANDE,,PESONERA GRANDE,0.0,0.0,2300.0,1.0,,,,0.0,
,,PESONERA PAR,15.0,0.0,300.0,0.0,,,,0.0,
PESTAÑA 2,,PESTAÑA 2,6.0,0.0,450.0,0.0,,,,0.0,
PESTAÑA 3,,PESTAÑA 3,7.0,0.0,650.0,1.0,,,,0.0,
,,PESTAÑAS PELO A PELO,0.0,0.0,650.0,0.0,,,,0.0,
PICO PATO,,PICO PATO,7.0,167.0,800.0,0.0,,,,178.5,
,,PIKACHU PELUCHE CHICO,1.0,0.0,13500.0,0.0,,,,0.0,
,,PIKACHU PELUCHE GRANDE,1.0,0.0,21000.0,0.0,,,,0.0,
PINCEL DE CEJA,,PINCEL DE CEJA,5.0,0.0,750.0,0.0,,,,0.0,
PINCEL DE CEJAS,,PINCEL DE CEJAS DOBLE,1.0,0.0,950.0,0.0,,,,0.0,
,,PINES SAPO,0.0,0.0,300.0,0.0,,,,0.0,
,,PINGÜINO LUZ,0.0,0.0,800.0,0.0,,,,0.0,
,,PINTA PELO,7.0,0.0,1200.0,0.0,,,,0.0,
PINTURA DE UÑAS,,PINTURA DE UÑAS,23.0,0.0,950.0,2.0,,,,0.0,
PINTURA UÑA CHICA,,PINTURA UÑA CHICA,1.0,70.0,500.0,0.0,,,,70.0,
PINZA CEJA,,PINZA CEJA,0.0,0.0,200.0,0.0,,,,0.0,
,,PISTOLA BURBUJAS,0.0,0.0,2500.0,0.0,,,,0.0,
PLANTILLAS,,PLANTILLAS 1,19.0,0.0,650.0,1.0,,,,0.0,
,,PLANTILLAS 2,5.0,0.0,850.0,0.0,,,,0.0,
POCHITA,,POCHITA,1.0,0.0,4500.0,0.0,,,,0.0,
POLVO TRASLÚCIDO,,POLVO TRASLÚCIDO,0.0,0.0,1700.0,1.0,,,,0.0,
PORTAMINAS,,PORTAMINAS,0.0,0.0,400.0,1.0,,,,0.0,
PORTAPAÑO,,PORTAPAÑO,0.0,0.0,800.0,1.0,,,,0.0,
PORTAPAÑO 2,,PORTAPAÑO 2,0.0,0.0,900.0,0.0,,,,0.0,
PORTASERVILLETA,,PORTASERVILLETA,2.0,0.0,500.0,0.0,,,,0.0,
,,POZUELO CHICO,0.0,0.0,850.0,0.0,,,,0.0,
,,POZUELO GRANDE,0.0,0.0,1200.0,0.0,,,,0.0,
,,POZUELO MEDIANO,0.0,0.0,950.0,0.0,,,,0.0,
,,POZUELO MINI,0.0,0.0,500.0,0.0,,,,0.0,
PRIMER,,PRIMER,4.0,200.0,1600.0,1.0,,,,185.0,
PROTECTOR SOLAR,,PROTECTOR SOLAR,0.0,266.0,950.0,0.0,,,,266.0,
,,PUERCOS AGUA,0.0,0.0,550.0,0.0,,,,0.0,
PUFF,,PUFF,9.0,0.0,450.0,0.0,,,,0.0,
,,PUFF EXFOLIANTE,0.0,0.0,550.0,0.0,,,,0.0,
,,PULSERA PAREJA,0.0,0.0,1200.0,0.0,,,,0.0,
,,PULSO TURCO,20.0,0.0,750.0,0.0,,,,0.0,
,,PULSOS,23.0,0.0,750.0,2.0,,,,0.0,
,,PULSOS CARACOL,32.0,0.0,600.0,0.0,,,,0.0,
,,PULSOS CONJUNTO,1.0,0.0,650.0,0.0,,,,0.0,
,,PULSOS CUERO,0.0,0.0,700.0,0.0,,,,0.0,
HILO ROJO,,PULSOS HILO ROJO,5.0,130.0,600.0,1.0,,,,130.0,
,,PULSOS NIÑA,10.0,0.0,450.0,0.0,,,,0.0,
,,PULSOS OJO TURCO,0.0,0.0,750.0,0.0,,,,0.0,
,,PULSOS PERLA,17.0,0.0,600.0,0.0,,,,0.0,
,,PULSOS YING YANG,8.0,0.0,650.0,0.0,,,,0.0,
PÓSTER,,PÓSTER,0.0,0.0,3500.0,0.0,,,,0.0,
QUITA DUREZA,,QUITA DUREZA,3.0,0.0,950.0,1.0,,,,0.0,
QUITA DUREZA 1,,QUITA DUREZA 1,0.0,0.0,600.0,0.0,,,,0.0,
QUITA PELUSA,,QUITA PELUSA,0.0,0.0,1200.0,1.0,,,,0.0,
RABO GATO,,RABO GATO,0.0,0.0,500.0,0.0,,,,0.0,
,,RABO GATO HALLOWEEN,0.0,0.0,1200.0,0.0,,,,0.0,
RASURADORA,,RASURADORA,0.0,1303.0,4000.0,0.0,,,,1303.0,
RAYADOR,,RAYADOR,0.0,0.0,1500.0,1.0,,,,0.0,
RAYADOR 1,,RAYADOR 1,0.0,0.0,850.0,0.0,,,,0.0,
REDESILLA,,REDESILLA,5.0,0.0,400.0,1.0,,,,0.0,
,,RELOJ NIÑO,2.0,0.0,3200.0,0.0,,,,0.0,
RESORTE CHICO,,RESORTE CHICO,1.0,0.0,500.0,0.0,,,,0.0,
RESORTE GRANDE,,RESORTE GRANDE,0.0,0.0,600.0,1.0,,,,0.0,
RESORTE MED,,RESORTE MED,0.0,0.0,550.0,1.0,,,,0.0,
RESORTE SUPER GRANDE,,RESORTE SUPER GRANDE,0.0,0.0,850.0,1.0,,,,0.0,
RIZADOR PESTAÑA,,RIZADOR PESTAÑA,5.0,0.0,1200.0,1.0,,,,0.0,
,,RIÑONERA REBAJA,0.0,0.0,3000.0,0.0,,,,0.0,
RIÑONERAS 2,,RIÑONERAS 2,2.0,1112.0,6000.0,1.0,,,,1112.0,
RIÑONERAS 3,,RIÑONERAS 3,1.0,2606.0,7500.0,1.0,,,,2606.0,
,,RUBOR,5.0,0.0,1700.0,0.0,,,,0.0,
SACA-CORCHO,,SACA-CORCHO,1.0,0.0,1800.0,0.0,,,,0.0,
SACAPIOJO,,SACAPIOJO,7.0,195.0,800.0,1.0,,,,194.57,
SALVAVIDAS,,SALVAVIDAS,0.0,521.0,2500.0,0.0,,,,521.0,
SANDALIA SAPITO ADULTO,,SANDALIA SAPITO ADULTO,0.0,0.0,4000.0,0.0,,,,0.0,
SANDALIA SAPITO NIÑO,,SANDALIA SAPITO NIÑO,2.0,0.0,3000.0,0.0,,,,0.0,
SANTA,,SANTA,2.0,0.0,3200.0,1.0,,,,0.0,
SAPITO DINO,,SAPITO DINO,2.0,0.0,2500.0,0.0,,,,0.0,
SAPITO FASHION,,SAPITO FASHION,2.0,0.0,3500.0,0.0,,,,0.0,
SAPO ADULTO,,SAPO ADULTO,2.0,0.0,3500.0,0.0,,,,0.0,
SERUM,,SERUM,2.0,378.0,2000.0,1.0,,,,404.54,
SET GLOBO CHICO,,SET GLOBO CHICO,0.0,0.0,1700.0,0.0,,,,0.0,
SLIME CHICO,,SLIME CHICO,14.0,0.0,1000.0,1.0,,,,0.0,
,,SLIME GRANDE,5.0,0.0,2200.0,0.0,,,,0.0,
SOMBRA 1,,SOMBRA 1,3.0,0.0,2300.0,0.0,,,,0.0,
SOMBRA 2,,SOMBRA 2,0.0,369.0,1400.0,0.0,,,,369.0,
SOMBRA 3,,SOMBRA 3,0.0,0.0,1550.0,0.0,,,,0.0,
SOMBRA CHICA,,SOMBRA CHICA,1.0,0.0,950.0,0.0,,,,0.0,
,,SOMBRA COMPACTO,3.0,0.0,3200.0,0.0,,,,0.0,
,,SOMBRA MAQ 4,2.0,0.0,2500.0,0.0,,,,0.0,
,,SOMBRA MAQ 5,1.0,0.0,3000.0,0.0,,,,0.0,
,,SOMBRA MAQ 6,4.0,0.0,2000.0,0.0,,,,0.0,
SOMBRA MED,,SOMBRA MED,3.0,434.0,1800.0,1.0,,,,283.31,
,,SONAJERO,0.0,0.0,4000.0,0.0,,,,0.0,
,,SPINERS,7.0,0.0,850.0,0.0,,,,0.0,
MOCO SLIME,,SQUICHI,6.0,0.0,1300.0,1.0,,,,0.0,
STICH CHICO,,STICH PELUCHE CHICO,1.0,0.0,13500.0,0.0,,,,0.0,
STICH GRANDE,,STICH PELUCHE GRANDE,0.0,0.0,20000.0,0.0,,,,0.0,
STICH MED,,STICH PELUCHE MED,1.0,0.0,17500.0,0.0,,,,0.0,
TANJIRO,,TANJIRO,0.0,0.0,9500.0,1.0,,,,0.0,
TARJETA REGALO GRANDE,,TARJETA REGALO GRANDE,0.0,0.0,300.0,0.0,,,,0.0,
TARJETA REGALO MED,,TARJETA REGALO MED,0.0,0.0,200.0,0.0,,,,0.0,
,,TELA ARAÑAS,0.0,0.0,2300.0,0.0,,,,0.0,
,,TIRANTE ESPEJUELOS,5.0,0.0,1500.0,0.0,,,,0.0,
TIRANTE SILICONA,,TIRANTE SILICONA,0.0,74.0,450.0,0.0,,,,74.0,
TOALLITA COCINA,,TOALLITA COCINA,12.0,0.0,350.0,3.0,,,,0.0,
TOALLITA COCINA 2,,TOALLITA COCINA 2,0.0,0.0,900.0,0.0,,,,0.0,
,,TOBILLERA 1,1.0,0.0,1500.0,0.0,,,,0.0,
TOBILLERA,,TOBILLERA 2,2.0,586.0,2500.0,0.0,,,,586.0,
,,TOBILLERAS 3,0.0,0.0,3500.0,0.0,,,,0.0,
,,TONICO CORPORAL,4.0,0.0,2500.0,1.0,,,,0.0,
TRAPITO COCINA,,TRAPITO COCINA,0.0,0.0,650.0,0.0,,,,0.0,
TRATAMIENTO PESTAÑA,,TRATAMIENTO PESTAÑA,4.0,156.0,850.0,0.0,,,,156.0,
UÑAS DOBLE,,UÑAS DOBLE,5.0,278.0,1500.0,0.0,,,,278.0,
,,UÑAS MANO 1,3.0,0.0,1300.0,0.0,,,,0.0,
,,UÑAS MANO 3,1.0,0.0,850.0,0.0,,,,0.0,
UÑAS MANOS,,UÑAS MANOS 2,0.0,0.0,650.0,1.0,,,,0.0,
UÑAS NIÑA,,UÑAS NIÑA,5.0,0.0,550.0,0.0,,,,0.0,
,,UÑAS NIÑA 2,4.0,0.0,850.0,0.0,,,,0.0,
UÑAS PAQUETE,,UÑAS PAQUETE,3.0,282.0,1100.0,0.0,,,,282.0,
UÑAS PIES,,UÑAS PIES,0.0,0.0,850.0,0.0,,,,0.0,
VASOS,,VASOS,0.0,0.0,650.0,0.0,,,,0.0,
VELAS CAJA PLANAS,,VELAS CAJA PLANAS,0.0,0.0,50.0,5.0,,,,0.0,
VELAS NAV,,VELAS NAV,0.0,0.0,450.0,2.0,,,,0.0,
VENUS,,VENUS,2.0,0.0,800.0,1.0,,,,0.0,
VENUS CON RESPUESTO,,VENUS CON  RESPUESTO,0.0,0.0,2500.0,1.0,,,,0.0,
YOYO,,YOYO,0.0,0.0,950.0,1.0,,,,0.0,
ÚTILES REPOSTERÍA,,ÚTILES REPOSTERÍA,0.0,0.0,1200.0,1.0,,,,0.0,
ÚTILES REPOSTERÍA CAJA,,ÚTILES REPOSTERÍA CAJA,0.0,0.0,5350.0,1.0,,,,0.0,
ÚTILES REPOSTERÍA PAR,,ÚTILES REPOSTERÍA PAR,0.0,0.0,1500.0,1.0,,,,0.0,
ÚTILES RESPOSTERÍA TRÍO,,ÚTILES RESPOSTERÍA TRÍO,0.0,0.0,1800.0,0.0,,,,0.0,
